ID,RA,dec,roll
2934,88.5314755502087,-14.175464011578018,0
3622,-13.587649993777248,-29.093999852450175,0
5017,-168.38057441837617,-71.71393068498611,0
383,83.11975854082077,54.39815547210485,0
22,-107.24622863343158,82.12264983023712,0
1279,13.07115088682082,23.358027692148283,0
1270,-0.7666032059401632,33.447328023234014,0
2447,-14.667221082067309,3.550485957259446,0
1154,-89.00899576540458,32.22492199436461,0
218,160.28291319837965,69.03874719472788,0
672,78.67204187582487,42.74011102189581,0
5099,-19.731616232667076,-81.64473599303598,0
5042,-111.02885760871301,-77.41674463176818,0
5018,-166.7116159701799,-71.91454154371085,0
3397,141.25414601187293,-22.123539129295157,0
4242,-144.27097048438063,-44.996347199396595,0
3425,-177.87878742377754,-23.323955610945237,0
2234,112.91018802029467,3.4815304866154513,0
4930,-61.612824558531706,-69.29770807530873,0
2490,32.263924950352546,-2.0596194075659024,0
881,-16.47371174644898,41.33666121596316,0
4189,172.79444188275133,-40.31070579926806,0
3268,52.8944048204722,-21.799430655576735,0
346,35.568641807306214,50.05362220347627,0
2067,-37.81483288874278,11.916866675003494,0
5075,141.4722630230701,-80.57162213909704,0
2208,97.41645010860816,4.893372405373372,0
1668,-27.16252875830103,28.35993893040006,0
4391,-11.947604141838877,-41.37666971288156,0
4348,-72.24340843191784,-45.279938962632336,0
3824,177.5943133055373,-33.62975835816147,0
755,-148.5173543638299,44.09159470172567,0
820,-59.25433775995408,48.086580743489804,0
336,22.661096154096033,58.976297384795345,0
4143,134.06688378861838,-48.37879437562668,0
2317,-143.17779565916075,1.0507249551364066,0
1316,43.80486714047717,20.469475291941116,0
2034,-63.41400333119472,11.690141545892276,0
1143,-101.01378739773325,37.342794733730706,0
1557,-103.95416669529898,22.150438924818758,0
5015,-172.72078701227164,-72.72523327902853,0
193,119.36237976986409,60.4633612136026,0
3189,-40.13379992340126,-17.048611295547502,0
853,-39.93321198298832,49.173985883712696,0
4534,156.3851128307834,-57.38327246022998,0
4724,51.34001673186368,-69.51126376949887,0
416,128.89995440283317,52.888564088708634,0
420,138.15094184921355,54.2297752082296,0
1231,-47.03231204439052,33.24674466648343,0
1873,136.26005851231366,10.870591883061868,0
3972,-47.39442824640675,-39.99849192937655,0
2965,103.47647573868014,-16.9880112684299,0
402,109.6987125960472,55.37798033784058,0
3786,127.9452669144432,-38.676786012075226,0
3981,-37.69397030664891,-34.1660720645469,0
4176,156.49507088012032,-49.149077689484976,0
4537,158.41554634122312,-57.298269587659966,0
2508,46.02057514833938,-6.280758193603928,0
2108,25.687366981772023,8.906844357439615,0
3447,-146.97027492485608,-29.049272475131083,0
1771,70.4140378439032,11.054574933614122,0
4904,-109.59571197321654,-67.01903888125518,0
2251,129.0361298549597,3.5181888993057164,0
4625,-116.80127905210993,-53.68762764557414,0
3131,-84.89906235782348,-12.041047255688968,0
4065,90.80741230853727,-45.0777026226428,0
1624,-61.90120739485034,24.187133145085884,0
1780,74.03747565242769,14.468216797000112,0
3973,-45.44278674603781,-32.4545331118899,0
2143,60.123266644442246,5.852075181991612,0
1538,-124.83973253243101,26.452880421985846,0
2340,-114.56447473823103,7.062375185607699,0
2039,-61.12856578670729,16.653205672676386,0
2290,175.82225052914944,6.8096446480910835,0
3851,-149.06717898798232,-36.12490017454016,0
2604,94.32585445518842,-7.800497232509704,0
3900,-108.26997415191089,-34.20432215399204,0
170,58.21406298204306,60.96472506744286,0
739,-176.59389977439133,40.93835585369089,0
2531,65.29712538180175,-3.8596585671743995,0
3091,-128.03815368627423,-16.43926380493233,0
137,9.76420064038173,65.87376672259748,0
2181,82.15412526671263,3.255810898434688,0
709,132.1498174263966,43.91420582243757,0
1149,-97.74303318704375,31.194341662347206,0
1563,-98.835362326558,20.122199842734375,0
4684,-19.356491023912408,-53.76366372865036,0
3382,125.72555851525539,-23.882938965452823,0
3743,110.70335054501668,-31.70951379905011,0
1241,-40.18568297062374,32.399411134251544,0
1100,-145.56452870408052,39.02298601950051,0
4565,-174.9747456825368,-57.39876122830575,0
4923,-77.04874529911156,-67.29918888701557,0
3770,119.94830932947669,-37.143794459368074,0
1710,27.69522996578817,19.051696957467847,0
2443,-16.891799049555942,0.7979359759246875,0
1160,-87.1475292276223,38.75852531704418,0
4030,31.78971242050796,-43.751941883025346,0
2443,-16.891799049555942,0.7979359759246875,0
634,48.88907116092799,49.91395285471502,0
4992,129.72827146584467,-70.20820562079143,0
4198,-179.73453756163778,-42.15411671805237,0
1376,76.26509602580848,24.200960908513572,0
4273,-130.18119574881118,-44.51116653847981,0
4999,141.65602090120888,-71.38455844800382,0
2258,137.9409086995479,2.526286083248621,0
1056,155.3185003289458,33.972191741041556,0
3663,56.68768794595408,-37.77219451554473,0
4097,116.92852552995717,-46.24643625709554,0
1782,76.12294576979431,18.579713806404108,0
3058,-163.68164154331618,-10.473502910188657,0
3126,-91.64027006207516,-15.805361062091237,0
136,8.399216928982995,60.051189126772584,0
1926,-153.2338907941875,16.045183433441352,0
149,24.651675293264258,67.7911780054119,0
43,30.009299930171668,77.04262496394398,0
4319,-92.99357460177795,-40.75928591623188,0
2462,-3.275961824089439,0.7984636700540029,0
2915,77.26136248843328,-11.909958522867601,0
4280,-123.41782030746589,-48.760516620434494,0
4574,-167.97713248947053,-52.5152946902524,0
3342,108.19537905768941,-26.684724928996555,0
4490,129.71515073233618,-52.74364186288163,0
343,31.291121109438343,58.18696952678471,0
3057,-167.07396192827196,-11.377713962743185,0
4606,-142.4969951748726,-54.778858424995114,0
3513,-101.93261231181037,-26.529800005982157,0
2924,80.56145443006466,-17.020066538194083,0
1387,84.15904210174621,25.870941513416348,0
1626,-60.23998674167731,27.61428879102783,0
2702,-163.5174083479621,-8.716972446669008,0
3601,-38.531120659987934,-22.026013691154763,0
4260,-134.01511246816594,-48.89666399762906,0
4484,127.67323400176645,-53.04143610394308,0
167,55.411141989107165,63.18944169071792,0
2670,141.65257513302896,-2.549455350568121,0
3626,-9.913420622630012,-20.373752951981995,0
9,60.390329148246266,80.56559175830328,0
4065,90.80741230853727,-45.0777026226428,0
1757,66.50800464574873,12.938425213578766,0
2461,-4.041236913860489,3.2093720961815397,0
2388,-76.56074912358952,4.135472428341246,0
4424,63.903929228570775,-59.421750298113345,0
2173,79.75039600175809,8.380749926288132,0
1457,136.46290447939725,26.83725832617408,0
2786,-67.98789103225637,-2.8945386632506938,0
4060,83.67147106090815,-47.3436000144851,0
2357,-99.0247036784103,7.63792790659267,0
4558,178.92889243857962,-56.03891121875139,0
1171,-79.31947845474475,39.559441819419135,0
1688,1.6142002987578148,17.934150226516515,0
3318,97.44284627422984,-23.381183208480703,0
1799,86.09244635549614,14.471680326871677,0
2409,-59.57606272924475,7.135519550691895,0
1564,-97.8210539959223,26.147080814610828,0
4796,153.13769576404735,-69.78926403761193,0
5095,-52.49885366632112,-81.46194182990862,0
2271,157.54484186052784,9.564505368213604,0
3389,131.98488407661688,-29.275874991274147,0
2110,27.740980072771567,2.9415223483670117,0
2693,-175.97348732283658,-0.5093720849427947,0
2336,-118.48655820310051,8.665833098664606,0
2698,-170.83437847575178,-7.720688795310342,0
1907,-171.84455807251572,18.652047436208196,0
266,-80.72339522128043,62.48066654208251,0
1865,130.4614465951435,18.3393969724768,0
2101,11.521304634654305,7.313314084098942,0
3774,120.9540708486824,-33.4251608590982,0
4133,130.16227553650037,-47.918811252624174,0
20,-167.80819129991386,83.68456944906262,0
2728,-131.03289579239976,-0.2798360248886648,0
3605,-30.507803578698624,-28.694419659083735,0
185,92.79640435461297,60.015719601507215,0
2452,-12.69745005114485,8.448272429486504,0
4249,-141.74194107920889,-46.02822757265115,0
2092,-4.793670300569271,10.053850286385396,0
1371,73.69347981364028,23.872402844558163,0
378,73.03702144127826,52.79058085728993,0
3569,-70.5900499056096,-22.497180377360436,0
96,-89.02729145371869,79.9998778685763,0
2833,-16.852528522277677,-5.254613700836429,0
249,-118.45546664834775,67.94175016805669,0
1755,66.42867520126607,15.852819729219718,0
1875,142.31307113897324,11.522236264029187,0
4934,-59.0397874110316,-66.31205823643413,0
3902,-107.76417044811615,-37.93421380197844,0
1775,73.00127173965107,11.345941734129795,0
1802,86.68460912296194,12.63712504376891,0
2911,74.19580910136531,-16.452327815619107,0
4761,119.69349666333255,-60.44883329574927,0
1930,-150.9375533006055,14.89270575755207,0
2757,-91.46166192859903,-4.076294482471159,0
4783,139.93737096935652,-62.19107762960513,0
4752,96.47651284569605,-69.6619361997578,0
513,-76.02407445379313,57.74795837795736,0
1292,24.94422983528924,20.026205347822568,0
1408,99.09980870506945,28.30917200496249,0
4871,-144.76845369507444,-67.96936959857098,0
4764,122.04598344787959,-61.14993883133906,0
215,159.56927994059933,68.70531956247163,0
188,98.28126286429611,61.52787783582561,0
3458,-138.39580338437185,-24.04451936621546,0
1535,-130.48197911068982,29.79645814139426,0
4517,143.10250041051364,-51.032274797563176,0
1177,-77.94193665439234,33.30347493665273,0
1946,-137.73006596051766,19.30750026763975,0
789,-100.2656786964621,46.28903337733234,0
2740,-117.64790841921162,-8.419866900877306,0
1470,153.47815874507,23.66720545868339,0
1573,-92.88973287690403,29.334363668916687,0
3381,125.68557522847998,-22.990580690806166,0
1554,-106.80927440308876,21.037683266950307,0
3617,-16.276953455938695,-29.887719431960495,0
4827,176.0206921696618,-60.900286223097886,0
3102,-119.59629609226201,-11.236744572744787,0
4216,-164.06438766370388,-41.3210418135101,0
3193,-35.2922950953899,-14.271505489029026,0
2469,3.0889833501842414,-9.847391820403546,0
2196,89.06347545735458,0.5499248917665641,0
4899,-114.23383282677472,-69.97465026180446,0
1675,-16.248511830988402,20.500278075965145,0
3736,108.76068786625524,-36.50230289053047,0
3554,-77.24665752662125,-21.422736115421205,0
4313,-97.01678282565686,-46.47336134847726,0
847,-45.46918692236405,47.325022430935775,0
5077,150.53646279049107,-81.97303909077256,0
3929,-92.2187454407731,-34.457791807064375,0
4598,-147.5267704966172,-53.431838659347115,0
130,0.5211125631228204,66.88793066786879,0
1024,114.87203389899487,34.11913593492758,0
1716,35.533242182891854,10.385252512835836,0
4359,-62.045845433610964,-42.001522014390765,0
964,58.063058809220735,30.900228102161677,0
202,132.3188256520153,62.15121924762906,0
1871,133.6990339979463,15.774597239197277,0
2692,177.11979252439892,-5.05525532785184,0
1017,109.67647495810259,36.85651972342523,0
1501,-171.90985348876444,22.904286371365924,0
5045,-88.44421235913688,-73.67992477812308,0
2102,15.086249754831671,7.621394636456374,0
2134,50.52967106305426,8.8542359456485,0
757,-146.379295888195,46.31720571211892,0
143,15.129483431178858,60.80681102361126,0
2917,77.67088751024981,-16.263325081823716,0
1733,57.57592149743358,17.179702893157845,0
1527,-137.99350794401425,24.117291881690615,0
4089,113.83278356962155,-48.71679421108806,0
711,133.36395911202905,45.825028090608,0
2722,-137.89478674295543,-2.0918775043895623,0
3870,-132.1120331516389,-31.333866625744083,0
906,4.447000467751982,30.658414129515688,0
5026,-148.42263298113886,-70.06930288956006,0
748,-161.1743873991484,40.83534434466212,0
5058,-24.674699602261587,-70.68475295365118,0
3696,88.61653801038939,-31.38811942640722,0
1964,-123.37826616607902,18.294769289814056,0
3092,-127.56642435551373,-19.501616649756684,0
1555,-105.2860867312141,22.70454698144757,0
866,-29.769274731762078,44.4081361218438,0
2209,97.5498255159899,7.371210896339116,0
173,63.98720463338847,65.02110296399748,0
4477,122.09898777350713,-55.93737507604507,0
4298,-107.46192031428197,-42.968922290339094,0
3813,165.6339705930393,-35.53469978752267,0
2717,-146.5230790739253,-2.9646251525822764,0
3265,49.34990455329848,-24.30303906929408,0
4768,126.29549223914351,-64.43577214528081,0
2077,-28.726741354222657,19.2302082610766,0
4763,121.9442209868442,-68.4701473165868,0
549,-36.816966154996166,51.474996994029574,0
138,11.9178424221286,63.9757861574893,0
2606,95.05180859739524,-2.1694445306943733,0
1756,66.45091684991526,15.761611150770637,0
4277,-126.80828316324987,-44.23083891580293,0
1178,-77.94190743354478,33.303486395808626,0
2827,-23.436412329226748,-0.27646416826431996,0
1526,-138.04508273994298,28.821947459208367,0
3103,-119.36872069378282,-19.670125256178046,0
4838,-179.48750852714053,-68.05051417334857,0
1710,27.69522996578817,19.051696957467847,0
1604,-75.18593689417311,26.219161197069464,0
4794,151.94230011155602,-61.30393040610519,0
4847,-174.04973282427227,-62.82206401726901,0
3319,98.23984202641272,-22.923908456975767,0
3327,103.41908828591984,-22.875602958226082,0
1861,125.99198388999123,12.82103074501882,0
3833,-170.71001225674067,-39.71247770058299,0
458,-159.1938453346353,55.24805299046995,0
3821,174.43099211918158,-34.467383120554864,0
1586,-88.31914140203777,20.036039022460397,0
3082,-137.0845035265457,-11.69555255930949,0
3484,-121.55205372143116,-29.069560910656666,0
4939,-49.880574625401884,-66.38483877331842,0
4566,-174.04601203635067,-51.17375297408364,0
323,9.413804863022706,56.26349978824456,0
3279,67.88674220901957,-29.86652515016081,0
2959,101.14239235851272,-14.370949762825319,0
4963,35.63890018397634,-73.87218076627921,0
2516,54.13687124766473,-5.785169754338596,0
3614,-21.78489528927206,-24.250205485089474,0
2963,102.96646308692239,-11.974622539626067,0
107,-62.912236688024485,70.14070832773605,0
3346,109.14739598979627,-24.466328030201797,0
4915,-88.55295000837019,-62.015172138048634,0
3276,64.61683769474025,-20.757663895567198,0
4367,-44.20539557899455,-41.58678364959635,0
1511,-156.34203729078766,24.867719343158647,0
4571,-170.237340983365,-59.411563681473716,0
2848,-0.15117033058290666,-6.291919411453076,0
2590,89.17417548703622,-9.56027808560113,0
1492,-175.00160365214134,26.12341937654531,0
647,54.83850447738383,47.629539185807495,0
1982,-104.79054985815033,14.162455577797369,0
3252,36.06530053173285,-20.268271994856207,0
1086,-165.52919093625474,31.05431937158416,0
2624,104.49805490373605,-8.335788782188628,0
3326,103.3635881561367,-20.071424895887674,0
1267,-6.960195611297453,33.22055820341478,0
4372,-37.7651494264958,-41.40087488789465,0
64,123.32883365934632,75.91277797504677,0
913,9.600192044483329,39.184536053500004,0
4383,-19.84813694058945,-41.67558351347469,0
1655,-38.07975367630859,23.418805336182377,0
607,23.463092108957014,41.15614742486043,0
2680,155.80928337118337,-6.807227912111222,0
3370,115.6162252878207,-24.55253640597277,0
308,-14.591346000131523,66.93949744238836,0
3991,-28.194591332134436,-32.79482248670061,0
4574,-167.97713248947053,-52.5152946902524,0
1471,153.62383784814438,23.357702825078444,0
3771,120.27902515248854,-32.32236091587794,0
4396,-6.208811883269351,-45.76920022896605,0
1299,30.94036666049957,22.41093590524837,0
627,44.106642292299185,47.02201083619186,0
2272,158.0480878807251,7.211780806181603,0
169,56.3008795547989,63.14574449151446,0
1197,-64.79578673810448,32.30700851175742,0
774,-121.75952861454157,43.28325553111479,0
3758,115.69700488848282,-37.82153878677698,0
2684,161.94773832904184,-8.632383249627074,0
3988,-28.632162638022614,-33.233411365632946,0
1672,-19.836399327198396,29.959283579445717,0
3089,-129.62909991995886,-10.143861383042655,0
3163,-62.99265761710685,-10.891891589095856,0
1081,-172.2030079176009,33.523569225200895,0
1842,107.62510041320861,16.24548317608334,0
182,83.10154192068238,64.12510583439395,0
1238,-41.13770391343517,39.18430572446636,0
2798,-53.55090788354223,-3.5242141234793123,0
4728,58.85301749376382,-63.60789740568715,0
1363,66.07416673285361,22.885311155106777,0
1933,-146.6552082981026,19.441930490322317,0
1488,-176.54649954895794,24.22322776730574,0
4477,122.09898777350713,-55.93737507604507,0
2052,-51.19914130694369,14.420086050377943,0
4342,-78.50312876120016,-43.491330311036705,0
2961,102.03398802633406,-17.02485531944579,0
1442,121.20590413429186,21.728433163350893,0
239,-147.21732057512938,69.66693640243592,0
4043,52.25282100542958,-47.54508864455198,0
1540,-123.12618708157547,26.220241795471082,0
19,-167.83838674867505,83.6896086128708,0
1520,-142.4692370885719,26.897491660302798,0
2379,-84.19007063114152,8.002433342614587,0
4929,-65.80084523809559,-65.9701473910632,0
4101,118.537358933048,-43.711155309421166,0
1834,101.90059657613406,13.472380625679444,0
3155,-69.16504542742415,-15.15378314422815,0
4640,-104.96387474779755,-57.6424499188574,0
4354,-67.55988697563129,-45.37961929504023,0
3077,-146.03326662219266,-18.485463967978472,0
3666,59.670221467380955,-30.63031398741129,0
4612,-132.83017501430913,-51.91049992227733,0
1752,66.38847934714869,14.631310952257488,0
516,-74.05123752570894,53.319238701616825,0
185,92.79640435461297,60.015719601507215,0
1493,-174.5494832289614,26.375677796838737,0
1803,86.90879662199852,14.292880825491972,0
1695,11.103071227309584,11.70152793615491,0
4862,-159.5345833353996,-64.22471683890862,0
2952,98.6254380388734,-19.21203633164623,0
688,100.78419232302622,43.62937245965978,0
2666,139.51038333986,-9.34267501754619,0
1246,-34.66084919557433,38.05409146962248,0
1213,-56.835087068329436,36.652180628327564,0
1971,-117.69673301772369,16.79379748348779,0
3280,69.50805463288835,-24.578927987932087,0
2403,-62.91420766283974,8.734919203685891,0
925,30.009108562268093,33.044022458283635,0
951,48.62825848075326,39.10116095402596,0
3503,-114.35432069447057,-23.333725114310013,0
3691,87.29886342413461,-35.78603631872374,0
1544,-120.14036191761555,29.989838845702252,0
3316,96.29311306617923,-25.821852781360718,0
3163,-62.99265761710685,-10.891891589095856,0
773,-122.26379908327652,42.59049741764226,0
626,42.08385089293091,46.63713904238422,0
4502,134.5437880741845,-58.89173626268538,0
1557,-103.95416669529898,22.150438924818758,0
3665,57.93561294206082,-34.8792251836949,0
2886,49.10041294619774,-18.7401110493198,0
2218,104.07982550709588,3.6716275697995466,0
2157,68.66205437344571,0.8985141331975424,0
1680,-9.28000374799919,23.128666957179465,0
3493,-118.7314913579832,-26.194385929050213,0
2031,-64.94680752670286,11.707519355818594,0
1758,66.82218376087752,15.530461068607625,0
4682,-24.591516443648906,-58.046652735714964,0
1506,-164.02082052591993,21.42128080262157,0
2500,39.66697969502945,-0.9073445587360986,0
5091,-84.91714146809105,-80.26192240801058,0
1192,-68.91256240767501,36.21648633217623,0
3031,162.76070871751074,-19.86912209279391,0
4916,-87.26684138592255,-63.07121127673487,0
3673,71.05803381126333,-39.44586095794359,0
622,34.92877514677561,41.170513768615535,0
1265,-7.793816544618479,38.96142514216047,0
3043,178.36596312373698,-16.872397552697223,0
1078,179.7756839527373,36.321463659400095,0
2592,90.44836658734515,-6.705380653322152,0
1902,176.66639669716702,16.521535960650755,0
4010,6.4948295498096815,-40.19088313557235,0
582,-1.3476036096412378,55.42760306656128,0
4108,120.25643743733112,-41.16894443721468,0
1,12.51175901340531,83.43664144378481,0
1243,-38.6713996358432,36.89871118954307,0
8,57.818855029611264,86.48870568548199,0
3859,-140.28874535862963,-37.58014708402601,0
790,-99.97903707888288,40.022633506074385,0
3487,-121.04457869974804,-25.971705881972618,0
1648,-47.50356180947649,26.90882763027946,0
2651,126.60973781737657,-9.581308501471407,0
522,-67.88885814215699,51.62249752993467,0
1324,49.326929518671534,28.868658416414203,0
1717,38.47511690030287,12.231955647110968,0
1644,-50.91198689213781,23.939550060400723,0
2708,-157.41744125703374,-9.908035965271372,0
1894,170.3297086554336,10.804877634664928,0
1853,118.5382756655202,15.925341862138401,0
847,-45.46918692236405,47.325022430935775,0
2939,91.37935023879274,-19.15868078289026,0
3519,-99.57322883428337,-21.396686016307786,0
158,36.22856714728656,67.17923902668936,0
1655,-38.07975367630859,23.418805336182377,0
561,-26.70333746297138,56.79371951552099,0
4891,-126.97039526884639,-66.15113329938912,0
4677,-40.921357914782746,-53.66041959875676,0
4484,127.67323400176645,-53.04143610394308,0
2616,98.53156692555034,-5.168128013492612,0
3731,104.14660488403396,-34.04263346420612,0
3606,-29.55677900949293,-27.065225054827348,0
2503,44.04478404986348,-2.9808776733989575,0
782,-112.4301244454462,45.703183458853275,0
2909,73.26576338182835,-16.497272343942555,0
1185,-75.4684744150658,32.074450099333966,0
3437,-158.25632480770304,-23.02347477078242,0
664,71.84721327320504,48.65655858512816,0
612,24.682562875041967,42.36348867442246,0
46,44.83845893866578,79.2239835790303,0
3892,-115.90573742395354,-30.78717779960441,0
1382,81.54878790770557,25.111852648959324,0
4866,-152.25400347605208,-67.40670269839849,0
2309,-154.86343719453006,3.7902945776224763,0
2978,111.37741705633864,-11.454119603597265,0
5092,-83.55556227191097,-87.65275538995952,0
1940,-140.4215827586417,13.748050101481917,0
2634,112.10110056680335,-9.67094717556183,0
3667,64.00015004181165,-33.919347270638845,0
1576,-91.5638741615036,22.470522370026384,0
1748,65.64825053443397,17.815333103751257,0
3596,-41.80294572879653,-20.860375174711326,0
2698,-170.83437847575178,-7.720688795310342,0
2837,-11.681908142376246,-9.36047509736752,0
787,-103.01729131884403,40.83864744635104,0
4465,112.34656714539331,-54.29306412627975,0
4955,-4.634678523125034,-64.68265564849811,0
3178,-50.69871194726729,-18.316052953029782,0
459,-156.94972434971254,55.60418865902059,0
5080,179.93867554854936,-85.35318641441299,0
3037,170.52047094261783,-10.58483032865596,0
3465,-133.16335398288226,-26.14339153936798,0
4202,-177.14469957271106,-45.44590822010568,0
3419,172.44617980022136,-28.989161181012726,0
4040,48.95285454155534,-47.934166521533676,0
1744,65.01185026856392,17.426891782879956,0
3631,1.3800628146509892,-33.8076835259458,0
3010,137.4218375850491,-19.542363689273007,0
2397,-69.00994976298679,0.2374554826984281,0
392,95.61286262137442,58.447191487472665,0
2800,-51.469136781700975,-2.7242109158297927,0
2678,152.11080413431503,-8.171047373270252,0
1990,-100.472791480246,18.10713076852887,0
1540,-123.12618708157547,26.220241795471082,0
506,-80.31772047584718,52.14831121176653,0
4162,143.75888773610905,-49.13032248901916,0
1661,-32.434140971003394,28.55867793600811,0
4050,64.42325416337279,-44.38689141975814,0
3341,108.05347918423172,-26.26503047927425,0
1265,-7.793816544618479,38.96142514216047,0
2100,11.439392296431222,5.023852657016309,0
4854,-167.9206783849585,-60.05775006648462,0
4408,24.476096387650983,-56.4478970872827,0
1170,-79.32969543814752,39.616691762308605,0
3018,150.41581277573917,-17.858697414475735,0
4259,-134.4850209390535,-40.87352510621404,0
2858,11.307433813676846,-18.33466949770917,0
4221,-161.4195537478537,-43.715928047854604,0
1096,-153.4027574992308,31.437977640781707,0
3611,-24.817162120274098,-25.016033479132826,0
2900,68.97214600766407,-14.400444484203062,0
3744,111.21152113746308,-34.03916133996763,0
621,34.41133753495076,49.923369416078,0
4007,1.7198961150567782,-46.02325258011603,0
3933,-89.24619971963094,-36.02557221117628,0
3329,104.13697174462445,-25.34495823607712,0
2256,133.18788402496517,6.137013969003712,0
385,87.6633963621307,55.69793085683975,0
4223,-158.99603280178198,-41.23851641044622,0
2200,91.5885044712007,2.509100214183672,0
4727,55.89151324229162,-64.9639469861864,0
2736,-122.83694079785958,-2.9405529037776503,0
4387,-13.982503858291656,-43.79088868914936,0
4961,5.7890584188941485,-77.53569468074191,0
1250,-27.354695937998933,34.35749726390011,0
547,-40.530703830906646,58.41145267204358,0
3199,-32.35706210474004,-13.788050004033385,0
4835,179.06467598757428,-64.06096091739788,0
5087,-136.03630760711698,-82.84136121295568,0
4136,131.0828628687553,-45.85787518804506,0
409,121.17627935149461,51.65275256630655,0
3305,90.92442518720564,-24.189716611784128,0
5095,-52.49885366632112,-81.46194182990862,0
89,-115.26546625521958,75.87128895518576,0
498,-94.26483273113361,53.8220360958605,0
1386,84.03109604243114,29.188300111161784,0
2675,147.1784425239408,-4.008200167393246,0
2175,80.53741713168553,1.8021780110577206,0
3326,103.3635881561367,-20.071424895887674,0
4211,-167.43147040369973,-48.671486427522495,0
2945,94.77003368332785,-11.748778046645965,0
138,11.9178424221286,63.9757861574893,0
2034,-63.41400333119472,11.690141545892276,0
1772,70.81132162242677,11.615838660146325,0
2438,-23.98055378500926,4.138016933909421,0
427,148.11578829874554,50.0569608285485,0
3653,40.029504415953596,-38.59641664919443,0
4948,-24.049803755959953,-65.22171382272222,0
1982,-104.79054985815033,14.162455577797369,0
72,-177.52982060315958,77.89394456355659,0
1537,-126.85773285871642,26.881875122638714,0
3388,130.91432962514878,-25.204666655150362,0
2154,65.90909186249847,8.478130406106363,0
397,102.17008383732708,59.51046937494259,0
4603,-145.0029664665371,-50.54527499564685,0
2622,102.96724632022834,-1.0629639065981962,0
1758,66.82218376087752,15.530461068607625,0
908,4.619958664410328,37.69185551942707,0
4684,-19.356491023912408,-53.76366372865036,0
2915,77.26136248843328,-11.909958522867601,0
4680,-29.41117897459429,-59.87896374313421,0
2084,-17.356495323381207,16.575430662691943,0
2545,75.60112102013213,-3.1073999325931316,0
3210,-17.288340847734805,-11.882872516060587,0
5097,-26.36433323249515,-80.69009720605861,0
314,-0.23744115875354985,60.94461367587597,0
3901,-107.88050379883953,-37.963588775177,0
2998,124.78076715390293,-19.918941918996122,0
2174,80.05073761317668,3.4978947342021827,0
3088,-129.71937056649733,-12.19241926741576,0
2572,83.23103783083329,-5.447422020307083,0
3631,1.3800628146509892,-33.8076835259458,0
4572,-169.12677001356934,-56.21558905741573,0
3344,108.62607945369838,-23.22552203469956,0
2570,83.20414605671881,-5.421171958923164,0
1084,-166.58248675301786,38.5843942757792,0
4895,-122.16683686264874,-60.03061936896958,0
4272,-130.33912468954546,-47.747355351304655,0
425,146.86292555236037,59.27508628058914,0
3917,-98.15974138073783,-37.257936246525055,0
2865,16.518416778414064,-10.446824849331776,0
4244,-144.00801207726312,-45.90917496423209,0
2583,84.57606714110099,-1.1536333317620586,0
343,31.291121109438343,58.18696952678471,0
2998,124.78076715390293,-19.918941918996122,0
883,-16.285132428464188,48.41662792475476,0
308,-14.591346000131523,66.93949744238836,0
570,-15.507511817081456,56.6769891050456,0
684,95.26200045637016,49.31580840786804,0
3819,172.63443367817854,-31.580738669805484,0
2338,-117.30480410275344,5.1474723120203505,0
1664,-29.17277066308256,28.72039985734615,0
2998,124.78076715390293,-19.918941918996122,0
4786,141.88192956546203,-62.05388059372987,0
1226,-49.63917432828398,35.40665002284668,0
1519,-147.97055839458253,25.3277334058821,0
3198,-33.929199279926124,-16.355116931308235,0
4101,118.537358933048,-43.711155309421166,0
2827,-23.436412329226748,-0.27646416826431996,0
2995,122.23125450755528,-12.777416624695666,0
4270,-130.47978754712344,-40.468033134317444,0
3000,125.90071285914247,-14.7659359805904,0
4254,-137.90878295597489,-43.36974465620538,0
4229,-153.35142449149163,-42.22545569312411,0
3121,-97.00263305994831,-11.209772011581208,0
1274,7.491208885120135,20.019208387228428,0
3811,163.59573397038764,-36.8685833498017,0
4690,-9.643829083118286,-52.16551656139652,0
371,64.44539611736562,56.388558140272174,0
2610,96.37229640642411,-4.729730502463853,0
3910,-102.79697472267137,-39.44628322783859,0
4924,-76.45758692666061,-60.26881683201272,0
4075,105.6150332605546,-42.26248079880326,0
2102,15.086249754831671,7.621394636456374,0
4577,-167.0849369348377,-56.897180796418944,0
3675,73.30919644748823,-39.707958209495,0
3118,-103.12307880839023,-15.66469190197749,0
4737,68.25964204969794,-62.92629993710597,0
4830,176.88300912119416,-69.94758889218264,0
3016,147.26795457435847,-14.611247116187595,0
3588,-48.4179537490927,-25.967183526095653,0
492,-108.91398673504706,56.87063623472833,0
344,32.56635843068117,50.83475275431198,0
1050,144.72868354859884,39.98690557684341,0
3612,-23.25650358155567,-27.363661008619346,0
4440,89.91155096993117,-51.217339019474835,0
3419,172.44617980022136,-28.989161181012726,0
1759,66.92380011767516,16.08683631923177,0
4355,-67.32128729621598,-40.14389715862485,0
1052,145.1569465821473,30.205330564282132,0
1881,148.88369670254298,12.684147117057503,0
3011,138.68836709372152,-14.363724765028717,0
3541,-86.26943301841204,-27.062488608397803,0
4222,-160.49948322352998,-46.61868636363425,0
3953,-74.69790404935216,-31.122119186355377,0
1116,-126.64694970729693,39.175072509597825,0
4158,140.14292129723307,-45.83348322879075,0
2962,102.78193801829595,-18.96995536066771,0
2474,12.612700425920277,-1.4154251968086684,0
3561,-76.14992406053582,-22.598058191560146,0
1675,-16.248511830988402,20.500278075965145,0
2728,-131.03289579239976,-0.2798360248886648,0
4023,21.549067006711805,-43.573872329876636,0
365,60.06767942507424,59.01886929488916,0
101,-78.00118679294461,75.37606663595152,0
1145,-100.30349964051871,32.530849944285734,0
3223,-4.145115880991092,-18.95618603893513,0
2332,-123.9965454957625,7.508527680393554,0
5070,76.12103782033651,-82.54067754573339,0
4144,134.29310929853222,-47.04026126084017,0
1233,-43.83360383869195,38.499750074788935,0
839,-47.13112835644335,44.19715529998498,0
1003,90.78420408008769,38.489272395589374,0
3797,141.7948336780664,-35.731925038635985,0
1473,154.30583753309773,20.09435810459558,0
3211,-17.00040778328535,-16.087200147431677,0
1125,-118.21470405325582,36.61683600786153,0
4747,91.64985450007212,-62.14538596431684,0
1987,-101.90719132035602,14.44547495619578,0
4938,-50.65247883686259,-66.93906944291538,0
2226,109.27430843324892,7.2373140973638135,0
470,-142.2628702958373,55.617614206076105,0
2642,119.30938002789891,-3.5419947227356072,0
4069,99.05748373978533,-43.15113604721998,0
3524,-97.84202024051953,-26.233272001647947,0
10,64.10110463235591,83.69254731340203,0
3702,91.45279597967718,-37.244802907945065,0
3910,-102.79697472267137,-39.44628322783859,0
1100,-145.56452870408052,39.02298601950051,0
2709,-157.40205390248772,-6.9385555683331575,0
2548,76.48491701348836,-8.728563955822299,0
3353,110.83663370619338,-25.11750258577711,0
1564,-97.8210539959223,26.147080814610828,0
2346,-109.26214110151153,1.110513674016103,0
1887,156.25240033557063,10.018022089540276,0
34,10.576788293043503,74.71518904011566,0
4620,-118.7039418283199,-57.801835891264695,0
4476,120.94211264654022,-52.96405815371067,0
592,8.511908559960506,44.21313623880677,0
4250,-141.48782856749042,-45.916930520946984,0
252,-114.17301622161055,61.626972032409086,0
2384,-79.42313683312423,2.0075581704691348,0
1121,-121.50677458575534,38.09035855213867,0
2885,44.87759653973557,-10.157749879996624,0
504,-82.07225819215537,57.00683861587124,0
5069,66.32873360010362,-81.69586674667345,0
2971,108.49377948809811,-15.495733523686948,0
409,121.17627935149461,51.65275256630655,0
5078,161.2035841824727,-80.2054969513883,0
1003,90.78420408008769,38.489272395589374,0
2014,-71.73617920912884,14.995199885691843,0
3028,159.09138386508982,-12.183133340430075,0
722,153.52230457022705,43.16487213740045,0
931,33.49839174080946,33.996558490152886,0
3631,1.3800628146509892,-33.8076835259458,0
1139,-104.47892097816764,34.85886111774036,0
252,-114.17301622161055,61.626972032409086,0
1429,111.19314179731087,21.549119718828955,0
4784,140.70690428146096,-61.432241439535765,0
472,-137.4582204050399,59.49658030503082,0
1981,-106.70741625810159,18.511828047963622,0
1282,13.780763126794911,28.722353070469747,0
644,52.14970865582887,47.8547946781742,0
1908,-171.84454546744425,18.652072073393388,0
2459,-5.151124345006514,6.973683610752628,0
2617,99.88806284017201,-9.117583391108889,0
3860,-139.85234517847468,-34.959605432773806,0
559,-27.54768302030167,59.16740573848785,0
4848,-171.45544524510854,-68.86023073449896,0
4841,-176.28749168583786,-67.68260536802359,0
3482,-122.08722036631073,-25.097030803757086,0
1415,105.08266666041982,29.422880491644243,0
1053,149.53339646475365,32.17045834523286,0
4626,-115.97774561372998,-50.03491112076068,0
2425,-35.74564966966055,2.0178444817651187,0
3391,132.10216338066,-27.5234858666977,0
4390,-13.11590805794526,-45.51787515692089,0
1905,-176.6339374921573,15.177333428481415,0
229,-168.61585380736867,67.06300537062234,0
889,-12.965899685770879,43.27542778171771,0
4481,126.01566710045294,-51.56350808717918,0
3150,-71.3225248804828,-19.043638879037125,0
4609,-137.07511618603027,-59.91023348776126,0
2153,65.28370842911318,9.346163757560742,0
1184,-75.73210776646596,32.619794193528456,0
2259,141.44524176049396,9.27555816846677,0
569,-18.074903611426144,55.63732796493317,0
3574,-69.05417866702412,-29.843847480629535,0
4035,44.09113404365838,-40.504138642735406,0
1335,55.55655065610224,24.31191934216081,0
1508,-163.80493747716596,27.892586424236566,0
1557,-103.95416669529898,22.150438924818758,0
1190,-71.9862913295217,39.05891391100198,0
3774,120.9540708486824,-33.4251608590982,0
4882,-133.7438501837236,-66.89357201031964,0
4277,-126.80828316324987,-44.23083891580293,0
1633,-57.52164577845865,26.32836924465258,0
4992,129.72827146584467,-70.20820562079143,0
654,61.25546276029949,47.58104976760558,0
3196,-34.67812043535075,-14.979483653371403,0
3537,-87.18493305840403,-21.728341490103674,0
4195,175.81235497506975,-45.41234148767794,0
3669,67.21229181597487,-35.76079179827027,0
4814,170.29737951184333,-64.68027214407037,0
3160,-65.0851367271813,-16.24276391838765,0
1998,-90.54261184210841,16.75231419320473,0
4547,167.8354165354651,-59.346847525555894,0
1037,136.44705417495274,34.08677757048977,0
1132,-114.09527444317823,37.50684458259036,0
4417,38.93872111657062,-52.75887795656975,0
168,56.229733666504124,65.37385016014773,0
3062,-161.05392875230012,-18.033697059758133,0
4393,-11.14715001640459,-41.09627791893161,0
555,-29.99850425939581,52.640605716667665,0
2864,16.313691509762485,-10.052563996135328,0
4741,83.17950486082363,-64.26044705997077,0
1309,36.91410885732942,25.01452774604722,0
4348,-72.24340843191784,-45.279938962632336,0
133,3.562604587584258,61.25562204256653,0
984,78.24921277400541,34.25683029816901,0
1184,-75.73210776646596,32.619794193528456,0
3606,-29.55677900949293,-27.065225054827348,0
2787,-66.4663872833416,-1.3988558303312804,0
3245,25.8260674589017,-25.301844307909114,0
1161,-85.47311221051183,36.04093320966374,0
2399,-68.37810393863022,1.8468498114706857,0
725,156.12803755430627,41.857147536215905,0
12,64.70564214228096,83.22629144845841,0
4555,174.57097143811,-53.69087230556797,0
709,132.1498174263966,43.91420582243757,0
948,47.01319588051378,39.42316380784727,0
2106,21.890508599648527,5.8867248046521485,0
1716,35.533242182891854,10.385252512835836,0
1560,-100.4689916241487,25.587091919172792,0
4450,98.46834217877324,-52.93405865651541,0
162,45.77695005610298,63.86539437910146,0
3219,-5.031286784408132,-15.725050140905543,0
2430,-30.59169949680845,6.476880500961618,0
903,3.6179127765060315,38.404138888642066,0
3178,-50.69871194726729,-18.316052953029782,0
4621,-117.6562873540076,-53.544146981559685,0
1767,68.83982541558316,12.412169208329056,0
1077,179.18096350167406,33.445664153796955,0
2435,-26.623891708056338,8.30041093017048,0
2664,138.55298747997244,-6.143525061387579,0
338,25.12815444414639,50.43775545468598,0
1335,55.55655065610224,24.31191934216081,0
140,13.418017244161842,60.44649448202955,0
4975,83.46341289676228,-76.37786386017272,0
2390,-74.74838736068114,1.7450890693086805,0
4346,-73.7825289141595,-40.57613881110272,0
181,81.36009628999294,63.02836950351955,0
2251,129.0361298549597,3.5181888993057164,0
1489,-176.2518915261952,29.214355366895354,0
4897,-121.41003696458326,-64.89488609130811,0
1780,74.03747565242769,14.468216797000112,0
4048,62.289350204710374,-42.123061259640686,0
3591,-45.30244932848744,-27.07780262434606,0
3162,-64.13832053298084,-19.882925219036405,0
998,86.90720494524365,37.293291753189195,0
207,136.70467089654622,63.71866962805096,0
5074,136.0865961127956,-85.46614733555421,0
5072,101.06057570424143,-80.76337507030907,0
3485,-121.31337440088232,-20.83951664617959,0
4278,-126.33102020610399,-42.40484992469516,0
4884,-131.77918306084015,-60.77360582755225,0
2445,-15.77651149119081,0.6954974246910427,0
1541,-122.73321595637586,21.126986187772783,0
1553,-107.58006191980677,24.73922496323363,0
4527,150.34706643469042,-59.93619191362746,0
3808,160.09962113492833,-32.45345022165711,0
5044,-88.93318313586846,-75.89675578326373,0
5066,24.78700907038975,-83.22979164762887,0
2582,84.55851286017378,-1.9674946696024074,0
4556,176.21632574402025,-57.4188055838106,0
341,27.240329551386253,50.54664149998823,0
4568,-173.21732025894119,-56.248744406146564,0
3263,49.03924626382076,-22.692941721307196,0
1891,161.65748822326887,10.810280626673011,0
1295,28.263942143657072,23.333119497920563,0
1026,116.07130904871705,33.54016953139922,0
4362,-54.87675399387117,-42.585066923660015,0
151,26.026467469157836,63.60670851826225,0
219,165.164875149263,62.02133315321967,0
974,69.60836292703969,38.18644701212888,0
2610,96.37229640642411,-4.729730502463853,0
4767,125.10874595752746,-63.9452641227849,0
4394,-7.815724731830896,-45.11933316307922,0
1879,145.9241336320807,12.041255812326394,0
4569,-172.90530405948897,-56.83342491776576,0
2011,-74.2222998050232,13.78773888795063,0
4044,53.824629875799054,-40.437752887802574,0
441,173.79642130755136,50.89524449240629,0
826,-55.914099811533475,40.57528052032562,0
857,-37.20654135934403,49.755197135882376,0
2936,90.68817520770817,-16.47963899483961,0
1040,138.83880862198902,35.575186131242205,0
538,-49.83309934249734,50.15976378093984,0
3147,-74.00131227527241,-16.307380379649118,0
3462,-136.077986848966,-27.45782490337571,0
4590,-155.36813279794902,-54.30708325761101,0
3923,-93.51884511962004,-31.688050227086713,0
2782,-72.50851657668267,-8.024702493237937,0
542,-45.4526364634939,59.24256691501091,0
2056,-49.71911168098725,14.894080856260386,0
3571,-69.44161616583835,-24.607397114856546,0
507,-79.58425371103061,55.48823059565305,0
4459,105.8433832979728,-56.673258576841505,0
1462,146.75984242360718,21.4133585151883,0
4424,63.903929228570775,-59.421750298113345,0
2388,-76.56074912358952,4.135472428341246,0
3887,-119.98269997521382,-38.46480537886391,0
5070,76.12103782033651,-82.54067754573339,0
2525,60.01179140286379,-0.4032081621252093,0
1210,-59.33996229173181,32.07576675634718,0
3202,-28.011754197172444,-11.811661310577161,0
2350,-108.02679081013453,7.332536245167786,0
3234,6.9697960921126665,-24.064055508156038,0
2580,84.11598375048433,-7.239283353305678,0
1955,-126.47800393407788,10.176108593668207,0
3275,62.35143361955958,-20.485075213829145,0
2012,-73.84453326083297,10.992861076542786,0
966,58.62263402913069,39.867372256834244,0
928,31.959204222505765,38.8045556003894,0
2283,169.08729207556925,1.9248419724594834,0
1941,-140.4063122874859,16.631730641557088,0
2626,105.10727920842527,-4.165253055658761,0
1435,115.26675884800538,25.904997551801127,0
3636,14.743005063713674,-39.18608361250465,0
1649,-46.89317440046315,27.866483613006,0
1639,-55.02357500183124,24.285480777662293,0
1741,64.37714194706287,18.62426127497553,0
704,113.54386730959565,48.88741416698447,0
3977,-44.160262547556506,-32.542783509242724,0
2022,-68.99102038335126,19.997172430427696,0
3164,-62.676099581212654,-19.173535859644623,0
1223,-52.01086608516599,35.07868611612482,0
2097,5.709475154108272,1.6629721851527357,0
629,46.3612873660029,49.42406362663786,0
3219,-5.031286784408132,-15.725050140905543,0
2490,32.263924950352546,-2.0596194075659024,0
2428,-34.567682820339286,9.644913692224469,0
2752,-101.489487326014,-0.3903446866667272,0
4038,45.305166867309744,-47.17020006736671,0
1950,-133.73867465596018,18.633874933820028,0
3382,125.72555851525539,-23.882938965452823,0
2233,112.64320057396182,3.3983387336358413,0
2523,59.10146345288845,-5.609202956298017,0
2686,164.81916731258374,-2.214983216251371,0
1869,133.29933004569608,11.818336268890436,0
1194,-67.5219829526944,34.345555677533994,0
2087,-12.944350170138215,17.32306094420414,0
4255,-136.71877425267337,-47.6775834158026,0
2664,138.55298747997244,-6.143525061387579,0
3839,-161.47469176831035,-31.242113737389626,0
89,-115.26546625521958,75.87128895518576,0
2761,-89.91052480252009,-8.181966802929855,0
4934,-59.0397874110316,-66.31205823643413,0
4685,-18.613719997460713,-51.5803444519891,0
1673,-18.970111778145785,23.30205830993093,0
4817,172.52427566657107,-66.68580261690254,0
296,-29.414833299411633,64.38380028960007,0
3732,106.79281676338142,-39.57436393223553,0
3794,138.40980876471602,-38.36074191932327,0
4596,-149.98915860767943,-55.97319467852327,0
2043,-59.53607886951155,16.933469697038014,0
3226,-2.8064870822527843,-19.1871997571429,0
1962,-124.03054137357879,15.577060872001203,0
5015,-172.72078701227164,-72.72523327902853,0
696,108.64075462170506,40.97421097955238,0
4296,-109.69017838968874,-40.747575231857205,0
2084,-17.356495323381207,16.575430662691943,0
4047,58.15807984883862,-40.50311935081786,0
3681,80.43697533836792,-39.72382799450453,0
2569,83.14973397378863,-6.033772130941293,0
1056,155.3185003289458,33.972191741041556,0
2072,-32.69498287202568,19.591491955416497,0
2955,99.24801283314696,-14.099572313866169,0
2714,-148.98372482033253,-9.07574429403505,0
3503,-114.35432069447057,-23.333725114310013,0
4314,-96.56928731779922,-42.9680972311141,0
2961,102.03398802633406,-17.02485531944579,0
4353,-68.53826225814534,-43.547766653857096,0
3805,156.215191883397,-30.81258332119831,0
4767,125.10874595752746,-63.9452641227849,0
3046,-176.69232074556552,-17.264399806265263,0
4275,-127.05004098603192,-41.000269673032726,0
2166,73.98858401785358,1.6388999363481094,0
417,135.0889877830146,54.482497151379285,0
1211,-58.874145885417065,35.83375854643798,0
1173,-79.23008672546403,37.54120256973317,0
4528,151.75960449716945,-51.56536962705556,0
773,-122.26379908327652,42.59049741764226,0
559,-27.54768302030167,59.16740573848785,0
4996,136.31048338194753,-70.33721394385869,0
374,68.9910753872996,52.982255866241815,0
2110,27.740980072771567,2.9415223483670117,0
3181,-47.00648253402822,-18.113822342618203,0
4008,5.937108421324773,-43.95713067453318,0
1594,-83.11986625688625,23.831585904190838,0
726,157.5803377418518,40.68339708330901,0
3628,-7.3344413298365945,-21.19101651320983,0
523,-67.50064543144593,50.19877762312589,0
4073,103.73366331488508,-48.65434467620777,0
4564,-175.1881747530542,-56.09715810820438,0
21,-136.61019072908692,82.71864167464778,0
2829,-22.13239132722993,-1.832225063749971,0
4503,135.04729593609412,-51.99099189812629,0
3936,-85.28445783505587,-38.681463639514675,0
2950,97.26526717295376,-12.35495020516052,0
4761,119.69349666333255,-60.44883329574927,0
2966,105.37380427781744,-15.557997420241612,0
2396,-69.2558454869653,3.0136055956146253,0
560,-27.499687491719147,56.59014474612203,0
452,-171.46999951902043,59.76203337038831,0
781,-113.25065787681085,41.99075556446247,0
4152,137.95432507927865,-47.1312280510997,0
188,98.28126286429611,61.52787783582561,0
3651,38.72502963138304,-34.79095301394586,0
1230,-48.63528695402613,36.30609750429248,0
723,154.8026085572522,41.484050025098206,0
1683,-4.632328823207202,29.084477866852897,0
2475,13.29470927819835,-7.617241838357267,0
4229,-153.35142449149163,-42.22545569312411,0
585,0.5085957271303925,41.81425305088344,0
4927,-71.95334167263933,-66.75039730576779,0
1854,119.48112584586276,17.44720256375955,0
2955,99.24801283314696,-14.099572313866169,0
4012,7.252417264843462,-49.079802508391296,0
3393,136.46292911658242,-25.655716793168995,0
2189,84.9723923612333,1.4519942280828932,0
2914,74.40100075766213,-12.609808134970457,0
4307,-102.85827089351004,-43.175305698849776,0
2908,73.21821304145263,-16.81955823891467,0
117,-23.820604022131565,70.5160833460894,0
1041,138.9347624368974,37.015433578609326,0
4336,-82.51683276117342,-42.350622334175,0
3850,-152.3462536917727,-35.41812751339874,0
2310,-151.5214116177887,1.2943580687819352,0
36,11.212888329028925,72.40193324875904,0
1541,-122.73321595637586,21.126986187772783,0
3831,-171.66992855796897,-39.594130403209746,0
609,24.084929506548242,44.1326224905616,0
3923,-93.51884511962004,-31.688050227086713,0
152,27.69324237519686,63.42496974339352,0
2509,47.55481689495551,-1.3819002902999737,0
3289,78.34960013633248,-26.998008511091573,0
239,-147.21732057512938,69.66693640243592,0
4159,142.18205058812953,-40.24702497808604,0
1860,125.12567915220475,18.494194698860674,0
791,-98.6476412993503,48.30116375100661,0
821,-57.06820010389856,46.6635833364607,0
638,50.59885056019614,48.9462586514178,0
2449,-13.470029206888226,1.855269426270133,0
2884,40.6919295707941,-18.783194610724664,0
3789,130.73454234453027,-36.96475546163,0
1225,-50.24585355444722,32.128422150677494,0
3761,116.09728810106387,-37.81051966246103,0
2700,-167.0627325284452,-9.267755629212678,0
982,77.5006543008651,38.42729726976346,0
3334,106.3212083267157,-23.761089177077938,0
