ID,RA,dec,roll,dist
2934,-91.47898114445506,14.18442770482965,0.07604125421668516,0.029327920191608396
3622,166.39785672130373,29.105853847884575,0.10415428521422994,0.026897381631315376
5017,11.553666732257389,71.72626798643908,0.21729076595854765,0.009920389101383119
383,-96.90157671307996,-54.38880857153959,0.1068092519413331,0.0507349010333855
22,72.696726976727,-82.10791329980077,-0.0992742595170482,0.03998402159316551
1279,-166.9380552585159,-23.348409400043284,-0.2867660713572688,0.009578304888151364
1270,-178.50788889933062,-33.007231627731564,69.10249310878238,0.05873874127460194
2447,165.31922624523108,-3.536900348800103,0.14325686446994096,0.01953656023155134
1154,90.98028572631495,-32.2132393667104,0.053661108778370534,0.026669579038642425
218,-19.79187507020978,-69.07834381358377,-4.000671741396847,0.004031819013722585
672,-101.34458242684197,-42.728790628839214,-0.04886683558986426,0.020641424703063585
5099,160.20942806784424,81.65104407760955,0.2625800591092764,0.02198346961128974
5042,68.92933590101569,77.42385395314106,0.3187318012045125,0.025744360746174574
5018,13.23652986059356,71.93090451469516,0.6038606618629376,0.009791591984371984
3397,-38.755584355713104,22.138243590172188,-0.10600208020351728,0.026341432973035452
4242,35.72248447071673,44.998812237230005,0.7756396206544692,0.0004435782939080871
3425,2.1102205859521987,23.339020546619082,-0.37742888150451526,0.017703342316493245
992,-98.36478018089248,-34.353512304431014,62.299190526841656,0.004147562301645405
4930,118.36720890708125,69.31604295509564,-1.1857446138864964,0.03414036267739926
2490,-147.7461196259166,2.0684395839842264,0.21630645004439292,0.011209413973225191
881,163.512280933069,-41.32338734306834,0.3743347460428579,0.02049989240486072
4189,-7.230206197655402,40.31354168254914,-0.39026797607653496,0.000801134276537074
3268,-127.11980207360229,21.8150526763653,-0.010570889196657786,0.057852721615675944
369,-115.97977965997161,-49.955411458648,99.61031301679186,0.0035140934285666312
2067,142.1770027584478,-11.906436698546932,-0.004784181054746114,0.05367765678648259
5075,-38.58252030828592,80.58286096652809,0.2420587016790567,0.007112615424997349
2208,-82.59436159270629,-4.882876449051184,0.229252501304091,0.037499651441867274
1668,152.82982846938341,-28.34990609282534,-0.14473781509516248,0.02984741522809564
4391,168.0331505008408,41.38552158321256,-0.10098201782286746,0.01171312410516827
4348,107.74287645164219,45.29170384582647,-0.2009681976470401,0.007038114174378618
3824,-2.41347598611487,33.6379903344094,0.08592391550836362,0.047672751902624294
755,31.46316163073482,-44.082129240212154,-0.054090952697814394,0.04676208706822636
820,120.73297605253089,-48.074081214996504,-0.001068610860942999,0.033142918361203456
336,-157.3567465651159,-58.966835484013274,0.36548575786214094,0.015880695175770478
4143,-45.95040241162323,48.383755851011145,0.26184426055254656,0.021759512310228192
2317,36.8103438708613,-1.0410034010184488,-0.08634771435658713,0.0538794384495452
1316,-136.20530230186282,-20.492957375177372,1.7562947388807792,0.01259511686093971
2034,116.57542323081574,-11.68297370398304,-0.17548451613274163,0.023558923721434078
1143,78.96979227399345,-37.337324550932735,0.007425180175123371,0.012514091727856965
1557,76.03076659698816,-22.135302480747676,0.17496158517658994,0.023563860015513017
5015,7.244688487133005,72.73414338869166,0.47606511555294495,0.015105992513177832
193,-60.65441841465885,-60.456571611389066,0.005120286769600338,0.022479194253381896
3189,139.85884358974795,17.060847646429348,-0.22454906825731935,0.026858310887461028
853,140.04342933852018,-49.16270852120482,0.045991152651637675,0.00734308968177009
4534,-23.636153381705242,57.39453877564731,-0.20153646439216474,0.019188964232595553
4724,-131.28187933205962,68.5560474773863,171.65794522466717,0.02762690039815634
416,-51.11755811555557,-52.8738560991303,0.29817748374251785,0.01242764931137794
420,-41.87292309069922,-54.21772573875048,-0.06607009993809355,0.03136307934770724
1231,132.95948962273056,-33.234460627484424,0.20150519518521837,0.029421878985122548
1873,-43.75079384556675,-10.861458459688903,-0.0286223169728284,0.0447920382079256
3972,132.5920913400169,40.010227150016085,-0.2914605981973113,0.02689122781582633
280,121.99217426886267,-62.60700451816136,154.8715968578627,0.023955388180550704
402,-70.32893746021739,-55.36197119427393,0.04708100207364834,0.035560000200055605
3786,-52.07362370193548,38.691628588806076,0.06008166429614817,0.03336794431215484
3981,142.29426865693603,34.17405063974541,-0.03484458338833049,0.0487776418632849
4176,-23.519603421383596,49.16068148960904,-0.03432566311471235,0.03366132783443411
4537,-21.60384439099001,57.30648409207063,0.23705687128512123,0.01924189215296707
2508,-133.98862940051768,6.288226613111161,-0.07300936687899326,0.028321092309655203
2108,-154.32667762026543,-8.892093977446597,-0.10262140247908369,0.04066030581832611
3447,33.013526808290685,29.064594703453263,0.026952734785498634,0.03635357180660052
1771,-109.59289870419376,-11.03879136949011,0.05871354858186504,0.011952700795593067
4904,70.37632341479693,67.03047355235951,-0.2284036587876187,0.022437327738059655
2251,-50.9768769356893,-3.5060406482170907,-0.10972683204482227,0.019554982646385857
4625,63.18213529667273,53.69563042188649,-0.5950729374453485,0.009212560383151793
3131,95.07548204951503,12.035772258003785,0.8020590072414779,0.041109344643928056
4065,-89.20452100167928,45.09148071946418,0.021043231855519453,0.02631876980510368
3756,-64.7874840583386,35.80138126056953,-89.44245900586954,0.0034474009305115157
1780,-105.97401404865786,-14.46259004497239,-0.0564778033921419,0.015736685712688773
3973,134.55062388043572,32.47019261957935,0.026262083955846723,0.018842371750547853
2143,-119.8880319941323,-5.840337799959597,0.19729463519889132,0.00991991889559936
1538,55.14520183356965,-26.445808967207167,-0.1732585008724935,0.027194069173594963
2340,65.41946203145812,-7.049859571870977,-0.09638470529315293,0.044222410520384545
2039,118.86476149490508,-16.643790499502693,-0.42275042130969,0.007810260937589687
2290,-4.186684489794351,-6.799531843584925,0.011723922215760425,0.030314419314364467
3851,30.921950302944666,36.13060718041435,0.04614502002961957,0.045821279044744395
2604,-85.68162815440532,7.811700586721855,0.018761542531180057,0.02750106637102034
3900,72.2453993740053,33.72406686152468,-147.85125054547862,0.030957233927629436
170,-121.81088517226102,-60.95320272036562,-0.1764718735350256,0.03425191391809931
739,3.387481852456601,-40.93106352437926,0.05237426633512774,0.04131533976210698
2531,-114.23466130151681,3.8735215591142134,-8.024903068303486,0.04018993413222957
3091,51.95018411558244,16.447294176007706,-0.4412789497454667,0.01012065322993167
137,-170.26319721703788,-65.865116001385,-0.00598275596616141,0.02906399165192754
2181,-97.85901072714564,-3.24553398841024,0.4115471618426443,0.015731692694181183
709,-47.86828257428907,-43.90717865124919,0.0877339540274136,0.036603206061067754
1149,80.62187301614215,-31.947054332301473,2.5899321813128102,0.022370171470747855
1563,81.15291144301523,-20.108309160345954,-0.020094191198074724,0.030478030986820046
4684,160.63203113497042,53.77163208252748,-0.06666335940468218,0.03878304782658837
3382,-54.28456239389943,23.89371333242129,0.14974432257982062,0.01549167110595811
3743,-69.30119756178718,31.699665487937416,6.989130904664986,0.006896350471936491
1241,139.7990071775617,-32.3844297716687,-0.04923702828163572,0.02591196071337712
1100,34.423729261793845,-39.01694644956516,-0.04347770005471046,0.04275410103660237
4565,5.003545428493714,57.41130097287412,0.10878806258334468,0.02208076472318436
4923,102.92317569467296,67.3085782305255,-0.3025183042461079,0.02866976770387025
3770,-60.063488302028034,37.15655591861966,0.06136467498809836,0.03392928824707638
3105,61.32050538582271,12.229723861892493,-66.47862334094008,0.026885518622043535
2443,159.6124877619742,-1.9765174120684532,-140.94383882541936,0.01960977206685041
1160,92.840044580492,-38.74677009023067,0.12196447894820868,0.039829931906731134
4030,-148.4160963758343,43.50637451226371,79.28788498354683,0.03153789413684591
2443,159.6125964350966,-1.9765476919900584,-140.94106546588486,0.019607342957234947
3777,-56.92101850834892,36.3978606030399,15.250285632565056,0.00023446424038686618
4992,-50.285858320149075,70.21481403712909,-0.02476925781247733,0.01822792162971341
4198,0.24863105971534352,42.16629012690564,0.1830280187233064,0.027212856912064435
1376,-103.75083941265567,-24.18885666866838,0.07715521683952428,0.04123991810509753
4273,49.80155145819564,44.51841854269909,-0.06904095719044857,0.030711818543510662
4999,-38.373077430744566,71.39390136834325,0.17668792365267044,0.02645043674262987
2258,-42.07032427459027,-2.520698876543741,-0.1650458635839542,0.060423216608426915
1056,-24.693644177718383,-33.964819041321874,0.9072711481059962,0.00356863099207338
341,-153.9698051167097,-51.504693632906836,-174.08190786612045,0.020551160591476124
4097,-63.10907324533231,46.20307172655815,-9.188855179711027,0.006459094467746766
1782,-103.88698142715062,-18.57017109204871,-0.11507571839840465,0.030975916737070678
3058,16.307539951348613,10.479714742461914,-0.051503716760836614,0.030710775388923046
3126,85.93260657462079,15.715941113849976,42.80078211761324,0.05349398134143437
136,-171.62816701345534,-60.03930684135785,-0.19237165985778343,0.014513062847241496
1926,26.759861473966364,-16.034133138169043,0.031082837591910155,0.030516178123574458
149,-155.38864685887106,-67.78419548869037,-0.17236620224158208,0.024721389974519635
43,-150.0386111128475,-77.02818399533577,0.02258476464280763,0.02027343633434308
4319,86.99782832953437,40.768451154037976,-0.3557438220933883,0.012592463867191405
2462,176.71222053929324,-0.7863837931210729,-0.162522768780595,0.02873088287928483
2915,-102.7229476237121,11.913363115007812,1.5111237785197447,0.002699241134499149
4280,56.57032234120774,48.771568034115525,0.0539694943996351,0.03814102620460407
4574,12.01367695150997,52.5248323429434,0.11348511951606521,0.032213848435775
3752,-65.51057468000566,38.08237428450242,-127.1048478768403,0.0033651596656740115
3777,-57.02973030352167,36.17001515700754,-124.67322201779966,0.0003744267040966562
343,-148.73027401146388,-58.18101803000638,0.05091885607554144,0.05565111700216016
3057,12.914749755378145,11.389688558750223,-0.06438840853528759,0.036824836358412376
4606,37.042432651729904,54.04807883745188,44.73640642891804,0.040435571463987754
3907,75.42788159831173,37.50961362639795,115.23557602942451,0.03801973983272403
2924,-99.44995416533834,17.033907190557837,-0.00982110796979468,0.030801534536681077
1387,-95.84858907083417,-25.85619820064631,0.06927898851921085,0.02079199100029213
1626,119.74333002874066,-27.60590347945572,0.030142688114334123,0.03875840982067637
2702,16.47460809252492,8.726792200353845,-0.11305925248021248,0.030714348440416702
3601,140.68127454968686,22.055820670290167,143.611019875403,0.01220251053127602
4260,45.602239656772404,48.99116998828621,57.99760779553912,0.014122283753106705
4484,-52.345451005804556,53.04901705530722,0.3993371831828034,0.011927016371443907
167,-124.6068404896716,-63.1784891714793,-0.34184711731981937,0.007039089894195924
2670,-38.35627765252817,2.560119984441681,0.17944042534972593,0.010007374254556693
3626,170.0741099255786,20.382960449125743,-0.1393684770594064,0.0157661066062425
9,-119.6998876488803,-80.55413210832968,0.015726599271010683,0.012152841182355401
4065,-89.20456056252763,45.09152503568883,0.024698866587983478,0.02631397017339947
1757,-113.4982290925139,-12.929930956346093,-0.3668766482677188,0.013900904287106955
2461,175.94813682793108,-3.1986206357842013,0.2921395581511177,0.026128025632323977
548,141.4000260437588,-52.444707654212856,-42.32160124938959,0.02943207083470358
4424,-116.11361820761226,59.43268846624813,0.23344451921605336,0.03855794300873395
2173,-100.1755978627318,-8.78600273721822,169.58496405175438,0.03911648789198849
1457,-43.55182522928494,-26.82856872610148,-0.06256930408626019,0.03479961333805998
2786,112.00034627616148,2.9017328991629174,0.0647160890404805,0.03723643648246264
4060,-96.34114670108511,47.349125093199746,0.018189425381233658,0.018061416159007394
2357,80.96662723410908,-7.626180749851836,-0.054577298213446715,0.024237762548605647
4558,-1.0913323183520238,56.051662690257565,0.1946045342422598,0.01858646017564756
556,151.87411584786418,-57.420280426241064,12.147648601015835,0.021002293166459813
1688,-178.6439402084382,-17.695511911515208,125.07962000656833,0.041770125640894024
3318,-82.56948702555782,23.39587340922547,0.042866356054367824,0.015233015707012304
1799,-93.91302741442576,-14.46285524153688,0.6846930450391115,0.010550781124528598
2409,120.409996917408,-7.1246797233078425,-0.0017635952587103266,0.040934514813781395
1564,82.16486782915383,-26.133906246845616,0.04937359703637433,0.040379897084045456
4796,-26.885307235764284,69.80144661472511,-0.034697546529994114,0.041259358178322623
5095,137.18669446878883,82.33171997276268,-66.76395135582854,0.0050627860286490385
2271,-22.46734589945175,-9.55238826786912,-0.32685710347238295,0.014905300097626408
3389,-48.02520856667378,29.2856960797279,-0.05018383854502349,0.014780299377133882
2110,-152.2676929801997,-2.93581981306896,0.17050944839899204,0.02401502699147716
2693,4.012388781774287,0.5244847720719552,0.10565115854769823,0.005953176663814075
2336,61.5059143146593,-8.659994584227983,0.1937047663040102,0.023860560320622205
2698,9.155899427412024,7.735152369237341,0.005956578799524357,0.03466283366306749
5068,-109.20407559492436,80.7188001712065,17.726188025139567,0.023763287579282213
266,99.26595343457898,-62.46983129443338,-0.1984395971155643,0.007581764113367324
1865,-50.5635289588849,-19.12335047695048,119.39846221011098,0.04727459580950696
2101,-168.49194127283633,-7.306798310059291,-0.06628460642091359,0.040163241794758935
3774,-59.0690485045739,33.418246760966504,-0.31485823438173494,0.016433201195987013
4133,-49.85018095067758,47.932669260041024,0.18274308348171048,0.014029075718208255
2298,4.21008010261215,-3.3402570029418093,-125.4619778892551,0.06586792131521646
2728,48.95816419367509,0.29522173615120595,-0.028026663756892098,0.018643166299554335
3605,151.10651536842892,28.782909794424455,-38.157411267643866,0.03195906434452597
185,-87.2282547979343,-60.005405491872764,0.2751221921169416,0.017906361343397174
2452,167.29266487918562,-8.439140772077453,0.06366151696260788,0.009607278714172414
4250,38.56675046397412,45.94717636992647,-162.19257414366012,0.0006136590978326154
2092,175.1936982617084,-10.039544353569438,-0.027264008675052968,0.04127135669034636
1371,-106.31625614933131,-23.86497490667518,0.29859843634977884,0.019186997981990007
378,-106.98019830016436,-52.777605096972046,-0.07852787614936653,0.015749235782255466
3569,109.39641745729479,22.512700266792308,-0.1975165806656541,0.025548797348726695
96,90.89249996612659,-79.9902243984199,-0.31397820107123214,0.030406169427622042
2833,163.13512049751606,5.262968234666295,-0.000621133402149757,0.0466117187702702
249,61.52816222518772,-67.93199219197354,-0.10457660761102214,0.03360389004698181
2570,-96.76168668490223,5.491317693083296,-176.39887526927401,0.00015180593652135648
1875,-37.698637123613935,-11.509148216371528,-0.27357708447592455,0.027625057177147524
4934,121.00593707117268,66.33226661405591,17.26160180926019,0.018602046740235408
90,65.84569748950838,-77.66005252163524,-158.96586912764042,0.02981421960425331
1775,-107.01362000920976,-11.334199437843122,0.0766661777845655,0.022115997170174578
1802,-93.36745166342872,-12.592362294869172,11.313689680293658,0.023071460174437383
2911,-105.8129119435407,16.46133383690606,1.632020844340455,0.015679413769743366
3761,-64.02243886113264,37.70177923885326,-40.596128801656626,0.0022891902805429716
1930,29.054700170686836,-14.878567925006722,0.09564941766253357,0.04364235783473148
2757,88.52446707438456,4.089407876959511,-0.39896187068007594,0.017514144295656876
4783,-40.071039822572935,62.190077260762365,-2.5223288095641214,0.012030560288443527
4752,-83.49646041251242,69.6336194475528,-1.576173346587587,0.004953873491165128
513,103.95421133279726,-57.73623673294836,0.1602222650230627,0.030178247069355294
1292,-155.06543910547873,-20.016155554923305,0.12010878687592519,0.044774902478660936
1408,-81.15465373386184,-28.789295763743972,-155.21480769524692,0.013284688305904763
4871,35.20320663583439,67.98010862421972,-0.19426235743719725,0.01312076521088346
4764,-57.98039575504657,61.158473272808216,2.491061963434472,0.023070637425500164
215,-20.423383594641038,-68.72267642240438,-4.559310751885458,0.006937981783393452
188,-81.73488434638543,-61.511219378269374,-0.07077531312593054,0.039879179035584356
3458,41.369950739957346,24.03935471882179,-127.72511371329308,0.021085953806913575
1535,49.51100872413387,-29.785824269387714,0.11272404816396489,0.016407848762686413
4517,-36.91130064346654,51.04087854794963,0.1836112124860486,0.01204287688101004
4131,-50.21505913370918,46.70282953917816,-14.323998325821437,0.011870014239160377
1946,42.25776156966328,-19.30004781922476,-0.039773284873925445,0.008504435224826495
789,81.9265744297259,-45.47976447262466,-47.9724198956483,0.04002934931747595
2740,62.34286773410285,8.432766456423485,-0.025810501510220827,0.015462746508795337
1470,-26.544811036612394,-23.690096557779878,-0.9354800621725003,0.001065192300558824
1573,87.10020954586435,-29.322940945485033,0.22784932592456103,0.028011449113842537
3381,-54.32869996138833,23.003756766034545,0.08896994357577492,0.015486638690486642
1554,73.17324308737774,-21.03131218378239,-0.007093825743946528,0.038144445753106306
3617,163.7153270441037,29.89391213063836,0.12158343730390693,0.007805589961377778
4827,-4.150829067640729,60.89987504099719,7.417731552537733,0.019827974416899614
3102,60.39576280719606,11.247155183216659,-0.04644411663567976,0.027547596637071223
4216,16.29057671605741,41.62979551296568,77.39740144265802,0.018643486514115824
3193,144.69754430940603,14.281384591977128,-0.43248923267432227,0.008857471284312846
2469,-176.9202209663713,9.859388102587014,-0.2873946288247433,0.023396318152146923
2196,-90.95002312699353,-0.5419810110985286,0.05348584572093381,0.03588814160477337
4899,65.7438499030687,69.98833656009984,0.2081254939528418,0.017792945175845076
1675,163.74065338778584,-20.49004833112505,0.02934919437131091,0.041409145504028994
3736,-71.27182354870487,36.544379937264125,-46.5065264585167,0.006000140394392322
3554,102.74367523148669,21.43294241187375,0.26759025653128454,0.015738434407221707
4313,82.96755189283,46.47983656266719,-0.18929442032504376,0.028875355827619374
847,134.5157512570917,-47.320491011096635,0.03395434054935807,0.011934724794909956
5077,-29.531768118632876,81.98585733646938,-0.02269323061835835,0.02817193080951053
3929,87.7831624754183,34.46283097475841,-2.987327778947645,0.007773119037731334
4598,32.46219846758929,53.44332934394857,-0.38729494986860186,0.009727119606861415
130,-176.644219481969,-65.03969362764616,115.61076608101304,0.01914696015865686
1024,-65.13659818918484,-34.10519189332727,-0.13784974513534856,0.016512286602813116
1716,-142.93358467654642,-10.65797658365112,-159.4990415593262,0.040210491234998716
4359,117.94122986033163,42.0113445222598,0.14101032105563913,0.03679755303743949
964,-121.94795986860711,-30.88899428133021,-0.1627143077703078,0.015497841751136736
202,-47.70479489127414,-62.14335018071631,-0.080136655844395,0.04416872642008729
3522,81.08315488130958,29.569935180049423,-14.33996804432861,0.002318549078295974
2692,-2.8937709994308354,5.067140487044804,0.023463688538564058,0.09856939580988634
1017,-70.34159043306443,-36.84790492003767,0.033911089205829525,0.057130352895108705
1501,8.076958806119801,-22.89625008389595,-0.04503362330443788,0.032289452688318586
5045,91.5201441899946,73.684251557031,0.2954584932837696,0.02519642608378436
2102,-164.92568436325018,-7.608563679730936,-0.03792030270936921,0.045587954305562596
2134,-129.48070861855723,-8.848765379616506,0.16965764070195194,0.015710157651427956
757,33.60838494791388,-46.30956954824761,0.0007830126791356213,0.047083591916257446
143,-164.8955914167463,-60.80507512023575,1.8455031052454314,0.008964723577215419
2917,-102.34137768741384,16.274047428127457,-0.0014822286257397009,0.0416077625790951
1733,-122.43410802314477,-17.167651526689554,0.05728116703953314,0.03524438313558058
1527,41.99162447109925,-24.10466119285994,-0.03003856293707331,0.051001055720875946
4089,-66.15331787331075,48.707993785407155,0.07531119875683621,0.004525936130344407
711,-46.652319731328824,-45.813805324629264,0.12939854306333326,0.03344183643355092
2722,42.094887792625386,2.1024838476331986,0.1499007614890004,0.04469761618900098
3870,47.87570382949863,31.346942054752187,0.16561896031309006,0.026850719461902928
906,-175.56490042522606,-30.64192910462379,0.2464520507862338,0.012257560691807093
5026,31.54175545990262,70.07986817613502,0.2431203942602178,0.032282567715602124
748,18.8122231810698,-40.8288863160594,0.3016401841027827,0.008183662507109588
5058,155.27686080121453,70.69320239127,-0.02383463420268886,0.03169264893219546
3696,-91.3956091524065,31.394497902189215,0.07908752901206276,0.03262101942319882
1964,56.61414238144643,-18.281410151147927,-0.020449628330459026,0.022696222299893015
3092,52.42795190327069,19.51389032443631,0.06436757484768227,0.026530484358943483
1555,74.70595528597858,-22.69623529619891,0.21228589998797778,0.023412356028525864
866,150.21638814184746,-44.40229465157576,0.33683230327545777,0.011444430016353516
2209,-82.46339431273903,-7.356458287159235,0.1111041510294156,0.03344038388129583
173,-116.0313817480954,-65.00870241590819,0.06234012261247355,0.0329500055464002
4477,-57.92491280903591,55.94256513069825,0.11096312538228749,0.034110613929739284
3600,141.40957619530286,21.29905657776715,-129.1695676401936,0.011537329884857532
3813,-14.382146576994607,35.54915705983793,0.04369171514923103,0.03687242309300803
2717,33.469582326919685,2.9780213852795856,-0.2276697181264282,0.020944557938449616
3265,-130.66575529705392,24.310141446801556,0.3629554872520007,0.011226694315172283
4768,-53.72841729372393,64.44922381358076,0.5563723452804447,0.012514074846221208
2077,151.2662990477802,-19.215954095792092,0.10161254779618026,0.03905651047252054
4763,-58.08023911930846,68.48474961954848,0.10438183427799237,0.03936111557791257
549,143.1635528342597,-51.466070622772264,-0.054941945506917916,0.022782590548053157
138,-168.83869080216886,-63.531972328100274,36.2467280150933,0.03690976220684811
2606,-84.95701300334977,2.1779390033989667,0.41482374889952645,0.017741921533234624
2570,-96.77787190660852,5.4058752456544,-176.47976894114788,0.0001510363551273265
4277,53.179686668964514,44.23800597943594,0.07007147293317915,0.01000656076704486
4131,-50.21562381278022,46.70289556761994,-14.372557598652566,0.011868120944195395
2527,-116.70515916437225,9.057745534181835,-116.02114896677715,0.02841933953527382
1526,41.9435260804555,-28.81385666050637,-0.09460773064056312,0.03322355021921227
185,-87.18022697176109,-60.03628038760478,-15.34761435347157,0.017158115856407596
4838,0.4728082928309183,68.06292650106217,-0.17965482934801633,0.02216422310983321
3105,61.320575622348954,12.22975208270662,-66.48223446376905,0.026884548251801695
1604,104.80175750801446,-26.20676235817553,0.08290852988630151,0.005997374522852543
4794,-28.086566502125475,61.31258821016188,0.30387794959097636,0.016620396506992548
3327,-76.57257846807428,23.41052300352733,46.60419764342303,0.022142707215071108
3319,-81.77305070623417,22.92970475025057,-0.050583080627299964,0.015228249938849954
3327,-76.58967388391527,22.886446928042087,0.08846975941746646,0.022721837050339942
1861,-54.01502484016299,-12.807999614208844,0.0875430682213629,0.028335469309647983
3833,9.147898226057196,38.957498899483426,-82.1324419360525,0.01302280460872982
458,21.220710093703904,-55.31307624086614,-179.3252853537668,0.0012810816921916596
3821,-5.57658900235917,34.47817191897474,-0.14078365718925587,0.024520383767216273
1586,91.67103394603899,-20.02963800531145,-0.06624713528014692,0.01326641982549771
1407,-80.94163232599031,-29.08614498560146,157.1619091712629,0.013344955975237854
3484,58.46744504743655,28.47861929796494,-10.477750521673748,0.034042128893237725
4939,130.08680084319963,66.39964968268058,0.19478787946576506,0.010876622348568895
4566,5.936188422974084,51.184920695416935,-0.1756042922493646,0.021819998302759522
323,-170.59421875005577,-56.25167263555751,0.014954670077157915,0.02570149158219439
3279,-112.12269688350865,29.87614587580878,-0.017221927661917196,0.015991693139503296
1035,-45.71729701138115,-32.403349805609295,166.52074525025,0.007583797034731502
4963,-144.41238117143752,73.8854701543863,-0.024554829700349355,0.04077773081772541
2516,-125.8728235837313,5.79689856128508,0.03807298215384104,0.010162462193653824
3614,158.20299252618875,24.260197027285972,0.05347316969437603,0.0498570090442482
2963,-78.67830741258395,11.899448014594228,-147.14501007234543,0.03590589971813825
107,117.072375915379,-70.13421609661492,0.049295967706226906,0.01737809037693398
3346,-70.85753338761687,24.47652305376961,-0.11284057061978278,0.007002105022727442
4915,91.42843055866106,62.0245986165906,0.4473311728841033,0.02110877790548115
3276,-115.38929673689532,20.764994452318174,-0.004933901610625386,0.03745475189566359
4367,135.77964568549191,41.59504508250036,-0.09874981424839212,0.02734758974190594
1511,23.64775544701984,-24.855887879433695,-0.09961864467006203,0.04022898385262093
4571,9.711731281743738,59.40011366912434,2.61931986282844,0.012898569295601021
2848,-179.29177834504324,6.1767609420036855,-94.30702377548482,0.015608096474868008
2590,-90.836154394684,9.573519225192346,0.035183675225559985,0.021559515506546632
1492,4.989350885628834,-26.11113476887646,-0.18816747582081955,0.008277994607826196
647,-125.13937151085928,-47.62133581614135,-0.18502724469676282,0.020048703366314553
1982,75.69737064589312,-13.70110882994857,-78.26507559340924,0.008758511518983662
3252,-143.94675417839255,20.281983262092826,-0.08129324937029081,0.0456430995186246
1086,14.461325334017706,-31.040934042261608,0.08750190345675386,0.06089311702912897
2624,-75.51700984908115,8.344491662524531,-0.12863443862850235,0.04721702040086826
4576,12.751769026507672,56.45384226970945,7.916624863531318,0.0032345723211342618
1267,173.03025187044648,-33.212213154063704,0.14616654791216163,0.03801621438182408
4372,142.22150919145065,41.41640316961101,0.22405742869654324,0.025581967714653344
64,-56.71231496561663,-75.9053695862382,0.01685141678280556,0.039039395486634654
913,-170.41764585164057,-39.170200666656235,-0.041852932616605096,0.04061698514649941
4383,160.14697272854357,41.6887088786686,-0.025516029813332335,0.026054020443945704
1655,141.90290593805705,-23.407114435681365,0.07954883986695442,0.026193450203329246
607,-156.5534877640031,-41.14012779538122,-0.06938727319414063,0.019058494243669295
2680,-24.201309635047814,6.817049038545117,-0.1424585699055224,0.03919305989418
3370,-64.48260217952769,24.587381835598077,-29.430622161782246,0.01883887178961101
308,165.4593871075679,-66.93513050690834,-179.72907759792923,0.029632517150570314
3991,151.7903354593873,32.807624028314386,0.06510003287326624,0.009957212126328899
4574,12.013782569952394,52.52469140461772,0.12008321888350071,0.03221593632656997
1471,-26.401040929491003,-23.37541212804594,-0.8768561310226659,0.005334949920049702
3771,-59.54605042216163,32.38093003558943,172.42654142578496,0.004825165585639003
4396,173.7789182338817,45.77533266595843,-0.026096408657220706,0.022753618024447662
1299,-149.06834753652595,-22.400493959755693,-0.02249045524208548,0.014535977479350079
627,-135.90622400649903,-47.00932028396969,-0.20283483076490783,0.025107633107411095
2272,-22.008548409271153,-7.575506265011344,-35.24735606437075,0.02948490761336149
169,-123.71878163952888,-63.13598539937109,0.432721151741397,0.007038045344438374
1197,115.19218581392286,-32.29406477470615,-0.3487505994985624,0.02659276956523345
774,58.226672352810546,-43.273347295690066,0.14975569511422251,0.010375665118851275
3759,-64.50702517605686,38.02639098056161,-63.06902603098666,0.0016122064075067217
2684,-18.063567658263253,8.643743365476073,-0.11297667830456287,0.01677519090232587
3988,151.3621183387247,33.245747397977695,0.004525672668495471,0.009952633724694552
1672,160.14983064971995,-29.947450905133625,-0.16720900179802395,0.016550548670836603
3089,50.35966241959265,10.158283610813966,-0.005350023489291228,0.035095662493671485
3163,116.99032326357491,10.907038707479026,0.06285622373146549,0.04102772686830238
1081,7.779355510374963,-33.511965440481916,0.016823905758799405,0.06257492907337268
1842,-72.38832397967963,-16.239256419551435,-0.23823230482635907,0.02096550382343679
182,-96.92363690078959,-64.10828704010878,0.28789675230965384,0.023209850947811694
1238,138.8474737489245,-39.17461199776101,-0.12385400264744234,0.021319077928626026
2798,126.4324520039579,3.532510978921108,0.08980976701200424,0.009809834937561959
4728,-121.17353360691234,63.61851057384479,0.314525991764027,0.02476218695578117
4243,35.50789556870209,45.001477439225,-114.02185443862722,0.002936853683566803
456,20.41278186943668,-55.15828300325043,-92.90060749148121,0.0008030774114394819
1488,3.4361649829518717,-24.21345734742176,0.3145905015546381,0.02748488004987382
4477,-57.92493503951542,55.94255489621475,0.11125145867172814,0.03411084102318918
2052,128.78011495706005,-14.3936763090136,-2.2620884919307995,0.009692139639555522
1180,103.32500556578162,-36.87813701465184,176.8733713256896,0.002539144940297582
4842,3.884454147062631,63.72553324629639,119.94209771842527,0.022605487791877103
1442,-58.80576441184902,-21.72190028133682,-0.09063554477817197,0.053391434758946865
239,32.754068748583606,-69.6545472138896,0.057365860127215645,0.060066859138180176
4043,-127.76404467524766,47.55554801200377,0.1676847988877471,0.039430270129849725
1540,56.86232419283354,-26.203456232959496,-0.08344826038544728,0.027247898178410442
2298,4.210056745173543,-3.340254464053656,-125.45995960594016,0.06586653646520288
1520,37.525531214671595,-26.886514114270376,0.09162806343136717,0.018814232016917787
2379,96.56330615683224,-6.655158131743595,60.58720521791037,0.03097332266324083
4929,115.70676176423345,66.50956894732563,-84.87136300039053,0.03892067957824893
4101,-61.00548316483475,43.67427695298831,-175.657818798729,0.00619282476839468
1834,-78.11277123802421,-13.466474292974722,0.1281423405941928,0.01850061216222105
3155,110.82260862383797,15.163400151768236,0.010072426263567363,0.020528854611072154
4640,75.02118771073842,57.65046120630376,-0.1813730320205692,0.02459008215062137
4354,112.42643612966407,45.396360116585754,0.054695242919095256,0.03233808391737915
3077,33.951021196785625,18.490302387189434,-0.0631187079245594,0.01593827973762412
3666,-121.40319939261957,28.16139307928152,-165.01368290109409,0.04846131717756041
4612,47.155676379963644,51.924702012487195,-0.02528558168168178,0.044365667418426354
1752,-113.63016983444602,-14.504107793493226,47.6189865037084,0.007375221023103041
516,105.93347430234809,-53.30864094076168,0.10695474147370944,0.019290448982034285
185,-87.22839320510019,-60.00527528773114,0.27364364373472505,0.01790259484874545
1493,5.439455851394436,-26.369283399297238,0.0636516327812156,0.00827788100211091
1803,-93.10257391788724,-14.278412683673226,-0.3008550051256151,0.008400375808309787
1695,-168.9078744300352,-11.691670064244908,0.024474232029089982,0.061122518713855156
4860,19.559082043519307,60.823298120667175,-136.80340362174317,0.02925523211217579
2952,-81.38904095016481,19.21908957847731,0.23206965270181387,0.01037594524180864
688,-79.22491132773749,-43.619475794360014,-0.20737932596219324,0.02012853686876251
2666,-40.4996982495204,9.353547088363063,0.30844328505848384,0.021695448512333636
989,-99.3614302102581,-30.218212613469575,-36.57538804652579,0.01841155043663671
1213,123.15173939811456,-36.64422382352385,0.031808680230038376,0.014029793413480757
1971,62.28544473655869,-16.782595786028264,0.3965680902917455,0.015488895967485223
3280,-110.50413209618027,24.591615989606954,0.013295895062892018,0.05935536803092285
2403,117.07439987730551,-8.722651860568913,0.2498503430696048,0.01664580240465559
925,-149.45977331100548,-32.91786466941443,10.373567300813988,0.0380146003446276
951,-131.38706373150012,-39.09067967997787,-0.09953669908141471,0.022518786492618265
3454,41.691760999029604,23.938402083405737,88.95842393713424,0.023506198827126127
3691,-92.63701471387851,36.125779482417684,43.53312153955287,0.02504744267836286
1544,59.84738481332069,-29.981186599882353,0.09497685289019098,0.054045485544094586
3316,-83.71969644802905,25.832010596746642,-0.07564507226695118,0.013754467573621932
3163,116.99034870468866,10.907134420185955,0.0622275603142045,0.04102798877943857
773,57.72214267000813,-42.58082633470503,0.5933882359659653,0.009472574677651408
626,-137.92391485928388,-46.624340687223594,-0.09835609926657805,0.024941979077875775
4502,-45.73502660872204,59.01622218004905,118.07303226727944,0.006099388262026476
1557,76.03077728101451,-22.135149614289098,0.17613222295082218,0.023566438655250658
3665,-122.07514615299198,34.88861420686503,-0.06434120636651024,0.02969372127747551
2886,-131.92500486306676,19.3242058548521,-79.04371611927269,0.0560629371113036
2218,-76.01094729404144,-4.011131668506666,178.74157213762584,0.042280063403323354
2157,-111.54616473544547,-1.664822855065271,58.95193888508334,0.02962519754211365
1680,170.70273318139522,-23.116548556288585,0.11928745188564242,0.019690535125887778
3493,61.26146686878277,26.206991133117487,-0.07338614335205251,0.020458421360009
2031,115.04127426369632,-11.701962240889385,-0.02614775227492435,0.026157412914515708
1334,-124.29036594033666,-24.560139261086036,-163.33582369335508,0.006808160661535227
4682,155.39105696438446,58.05741666578073,0.012280071770692647,0.037545972260713406
1506,15.96775770840257,-21.41264572383122,0.013011988185030259,0.02541840399994061
2500,-141.35152199246951,1.3968136646050362,34.02427318458207,0.01929802818067524
5091,95.01188343488248,80.27405118221829,-0.028746198522148228,0.04274974866961177
1192,111.07373729714453,-36.20149717943792,-0.32893041238958304,0.01627549125973948
3031,-17.247048171520426,19.881046648121988,-0.07691319468791877,0.020998606431691234
4916,92.7214382593219,63.0840300643524,0.038158739738916994,0.017610503308141134
3673,-108.9522584454303,39.45973779833724,0.057618511686777805,0.030577764596881354
622,-145.08494511194797,-41.16191291752422,-0.12037650246453668,0.057252647916137385
1265,172.19794429732525,-38.956943163466974,0.08548683932913737,0.020536039668769764
3043,-1.6412070261030591,16.88284558296578,0.060683429577465385,0.04810822886070794
1078,-0.23751614454534783,-36.31094442365145,-0.09295505856433255,0.04665022731115144
2592,-89.53240850968064,6.714555070109047,-1.398647287613311,0.02961390142163068
1902,-3.3323279377707524,-16.528386904744526,0.11070806256033305,0.02879883773846721
4010,-173.5149743533498,40.20429672160402,0.06799776542152983,0.042192385822752726
582,178.6623127696983,-55.40428568561468,2.0910687606097937,0.00281016601370626
4108,-59.75831350168407,41.17893425631033,0.3160954362747509,0.02298429611364422
1,-167.5850830495835,-83.42968067662966,-0.24458878358509106,0.044703576299354696
1243,141.31401883141672,-36.887303856564635,0.05203287829874565,0.009507783428656878
8,-122.36059783892632,-86.4811236084903,-0.35437225247140897,0.03235326460651231
3859,39.70606938442978,37.59397856910366,-0.04901020209538934,0.0194397875391654
790,80.00602927481705,-40.01162512127493,-0.1130780606258694,0.023259173286530297
3487,58.946768570813035,25.981361760851996,-0.3926043160631879,0.013513521520648141
1648,132.48757237971458,-26.898181169182592,-0.2871270015705804,0.01914451216806252
2651,-53.39954967494905,9.59337153500914,0.15095749894159863,0.04195456842026232
522,112.09268874510833,-51.61295306802243,-0.00038988083284604034,0.011880789973664149
1324,-130.68918818323678,-28.853999455568136,-0.1077512828961003,0.026107900810740454
1717,-141.10193912689263,-12.246953853510604,87.52187130317473,0.03535575260492265
1644,129.07657421964703,-23.93036362751966,0.1742117190782589,0.032214085463355906
2708,22.57146868370766,9.922572473540349,0.10979245457975007,0.03738719840555406
1894,-9.678530864167074,-10.791756344988,0.010765100716478416,0.016440267476977605
1853,-61.472026364021175,-15.912952902038622,-0.19201901536333754,0.02218171111286487
847,134.5158629442058,-47.32048576174183,0.03954898133280088,0.011931619160427107
2939,-88.63316288017697,19.170467784317506,0.14228874206108702,0.036074356737792426
3519,80.41619752477071,21.405950021944903,-0.17905483791746843,0.016213678041139185
158,-143.79629722435928,-67.16762236184879,0.0907261159772746,0.027134864919750794
1655,141.90296344847724,-23.407155293298903,0.07891518025273409,0.026195899494589052
2556,-100.1563072198407,0.39605769213655484,-178.36627973146756,0.0018821145889770647
4891,53.00438348311623,66.1623743423681,0.2354274564399336,0.025051344067354177
4677,139.06001437976494,53.67456607004522,0.30218054928296634,0.011187373872103567
4484,-52.345339684477736,53.04912190997541,0.3943585221729716,0.011936900467221196
2616,-81.48177531179999,5.183008639064549,-0.07580393835749114,0.021358788026218777
3731,-78.01675598387476,33.27761136001726,-149.6090836790249,0.027668675820376732
3606,150.42940345776657,27.079641227180318,-0.13178519644501127,0.0319590094382423
2503,-135.63933804722805,4.247971067571269,-71.43204528482427,0.006285225633839617
782,67.55073938419716,-45.6954070201624,0.0958960401308134,0.022101978301600895
2909,-106.73639298087033,16.47347883907898,2.021118523935217,0.004202994728074611
1185,104.52070359310989,-32.061269507514176,0.5948628162670778,0.010397590055046164
3437,21.737309300367617,23.03240990784464,0.10484773115180225,0.04347116865359686
664,-108.16392297634613,-48.64452070339064,-0.07433912781992703,0.029303431815920333
612,-155.33173681451916,-42.35866190474179,-0.42321892143513057,0.012244423159230232
46,-135.21358297835081,-79.2100394179101,-0.1018621586432851,0.03178993944310703
3892,64.08558585878386,30.79748161273902,-0.2843118103627825,0.028402155816593243
1382,-98.45937366867233,-25.103026350646903,0.024096974375082413,0.031231551720834992
4866,27.714334426596746,67.41477927758197,-0.01856197465070539,0.03093899363755487
2309,25.12587737751661,-3.7793522609473245,0.09483587712043687,0.03909501271302458
2978,-68.62982526437679,11.460011212873509,-0.15060979909928235,0.022262636601679864
5092,96.13003042788525,87.66232900802234,0.2345782266975245,0.028495055074702284
1130,65.17622911314457,-33.94100832961263,100.50206935576254,0.0015239815319593197
2634,-67.9127701507925,9.685140430817507,0.4585737500342905,0.011244236469436683
3667,-114.78021934125111,33.981426459664945,171.62311866917696,0.02246916816533743
1576,88.42208999489041,-22.454883116636214,-0.12646943292206314,0.02037949801129612
1748,-114.3035779681314,-17.750777243736096,85.60856418497931,0.010644458472765727
3596,138.18829991648323,20.8717128287993,0.1998686346320459,0.030278750307510417
2698,9.155903313119952,7.73508632469121,0.005078443340965063,0.03465942315276969
2837,168.77979531021435,9.542860673826173,-129.55864364819996,0.009031395112640332
787,76.9697292751712,-40.82997367512952,-0.0759642852847914,0.04273157607827462
4465,-67.66761747494046,54.30288892238309,-0.07771315119932073,0.030602171883722943
4955,175.33258938872333,64.69267932618973,-0.03487016922030211,0.02543676666347319
3178,128.49854843494612,18.396705375860872,-35.066935785515994,0.035053224538699114
459,23.09125587240801,-55.601423266442055,0.8876203447776947,0.020130396797720877
5080,-0.12856342749882077,85.36216272835873,0.34085848513194184,0.0202686822469788
3037,-9.492419983720943,10.593874920240053,0.2023468302872927,0.02839056554769459
3465,46.050159248855195,26.11490837074171,-98.80456799330666,0.014176911018651274
4202,2.842382492580256,45.46027682530874,0.21879404905509475,0.02921496993762261
4710,-152.12352590639114,67.9021694217662,-79.85641040767855,0.031776811970180285
4040,-131.06334592519147,47.94035629149611,0.09670840871355577,0.039471729652451194
1744,-114.96984387372943,-17.39579942284646,-3.3706325654499363,0.0037219180933792295
3631,-178.63040075187726,33.82293621079948,-0.20458185961496095,0.03081624971423212
3010,-42.586589865275364,19.553412886492197,0.05564149035945355,0.027509384980576274
2397,110.97530341037756,-0.2302151970268931,0.09068496304187032,0.02078879416992035
392,-84.41172143401423,-58.434836393117095,0.3840199475753063,0.010062739536761988
2800,128.5231617404182,2.7304429539828057,0.10264990533936548,0.02600597876473114
2678,-27.901029722508206,8.183642297035364,0.04984464568704643,0.029761067532511985
1990,79.515792979661,-18.09472792360799,-0.053211980485659116,0.015846453876920304
1540,56.86224101767531,-26.203460799835423,-0.08063993672882805,0.027248880224398444
506,99.66451763601921,-52.137849266233296,0.2574897015576968,0.01611530234042801
4162,-36.25733998919126,49.13851626930854,-0.24526646219483983,0.01062669766764939
1661,147.55409838923754,-28.544284446843253,-0.08393789864154878,0.026270125090916627
4050,-115.58743849449965,44.395293151912206,-0.062041520055161656,0.03784765264726447
3754,-65.55419721985733,37.79003210256994,-109.29999729952405,0.009039553494959805
1265,172.19785391412677,-38.956964453746565,0.08542211876330022,0.020539573590773984
2100,-168.57401145415557,-5.009295348944258,0.09860517275715114,0.040164347171350874
4854,11.706307834882333,60.03463503070399,125.77545479132397,0.004510020958994644
4714,-144.79558697598523,68.87108081951258,127.51119496752663,0.018677042555933
556,151.89892030790898,-57.457867629946506,13.259893567010495,0.0210190456152914
3018,-29.592482811004537,17.872652652817358,0.09804876440709165,0.021289048980672434
4259,45.49902577845351,40.889170945014946,0.11454170484369716,0.012789552109674987
2858,-168.69951202110565,18.339738068369748,-0.07088370496035071,0.017348305636082143
4221,18.563128926520708,43.72575910791136,-0.028032247541532357,0.021293033964111988
1096,26.584986272043682,-31.42822473743959,0.06605504432871585,0.047444931640901224
3611,155.17226589978642,25.021621724546957,0.11029167293045083,0.039433371825408396
2900,-110.9990149083814,14.415728747701516,-1.1432741436752412,0.003412355260789715
3744,-69.80026418805099,34.18611711787447,88.4177063963211,0.03586969915012831
621,-145.5622969218544,-49.91688246016213,-5.1827221384298,0.009923190808351282
4007,-178.29680434046065,46.03614038830856,0.03797853658310601,0.058807497576524134
3933,90.74311028302628,36.03923114280253,0.0920375864852645,0.005949563045358953
3329,-75.87509260169026,25.353496910692,-0.5734645426118469,0.010485502651176044
2256,-46.826663797235994,-6.126934990582344,0.0013407433547026944,0.030255647881184372
385,-92.35735176823177,-55.69104045547706,0.10838772018005972,0.027508842068251646
4223,20.988966858071805,41.25360846209299,-0.08618181486321042,0.030679464766063598
2200,-88.36510078767431,-3.9599072362099452,-109.2257638039531,0.03372660203802628
4727,-124.12771193166385,64.975556548332,0.16272026776931453,0.03255701796064387
2736,57.14924281688945,2.948378419759283,-0.7348816372924679,0.009244717257667208
4387,166.00090115139975,43.800179579695275,0.08788973898165185,0.01514649784907305
3217,174.50050658246084,18.150360960075098,-159.90310350896345,0.0023632865319062396
1250,152.6295939184094,-34.3418700012813,0.43934959053329486,0.02721465745067883
547,139.44786804389693,-58.405380574994446,0.09987702060969837,0.028912981276595678
3199,147.6288185816137,13.800160804523694,0.41886896964578824,0.04430968026632557
4835,-0.5140467560035437,63.975450616909725,27.300883992853553,0.015957176404860923
1170,100.48201104616587,-40.05837664019703,-69.30354217655587,0.0013279934028518736
4136,-48.876523385585074,45.86756446562977,-0.4116754228223071,0.00026202660668960014
409,-59.90013166709012,-51.977554939566026,-78.14621600166446,0.050591608100235316
3305,-89.08800806443556,24.199767121796512,0.01823074987140532,0.01901301172595675
5095,137.18638889159877,82.33163517278474,-66.76303207342397,0.005067922544362691
89,64.68062161966971,-75.85769841313044,0.12534228826502355,0.007458751680102275
498,85.42437638743343,-53.94902828697301,40.90356900794781,0.038261835466595964
1386,-96.2814100644519,-30.27215724094274,167.1249792605814,0.022256407654909858
2675,-35.9411680389703,3.1632518665169282,-137.95990336602569,0.06754765432639893
2175,-99.93605026181416,-1.8166323038779946,37.07654614171237,0.022478910782375336
4576,12.751713144012406,56.454316291836655,7.997783519271951,0.003248818958309391
4211,12.46367945165811,49.037282191451325,-177.5545884493027,0.03133975289052561
2945,-85.32724721506688,12.247861610060491,70.20324904118146,0.01259080458573759
138,-168.83911465315452,-63.532073791738604,36.25027459676034,0.036904465888480203
2034,116.57544803205731,-11.683055170477333,-0.1833715180024621,0.023559113119404188
1772,-109.20437159204788,-11.607878839861696,0.14562248715623824,0.011954716102749622
2438,156.00502200877366,-4.123113065474082,-0.016224019928058456,0.007817559837576624
427,-31.899007016789472,-50.04513681102272,0.028481947220952174,0.06952802955698908
3653,-139.98027505035,38.60410790139511,-0.023048635037280638,0.026224735268193522
4948,155.93350524382456,65.22906008888833,0.021224447399376255,0.04421681655112196
1982,75.69739842201413,-13.700975911321637,-78.27292186666078,0.00875697692298284
72,2.427857551990757,-77.88037511332493,-0.05552918460942708,0.014028551926315006
1537,53.4214788964703,-28.79446745887387,145.1822958863744,0.032519542813077514
3388,-49.099902977971205,25.216761925940737,0.024931174147526765,0.034584892932379555
2154,-114.10234596257743,-8.471577011596695,-0.19974929089925747,0.018497732301631382
397,-77.85140555879173,-59.49838225822667,-0.34621257124908467,0.015104524145923934
4603,34.978668705662464,50.55730830364667,0.3413514859627825,0.026294788224722962
2622,-77.04047696608635,1.077678247100275,-0.08266879066298431,0.0189002451892411
1334,-124.290531536245,-24.560045010843066,-163.35325361114778,0.006808167051768848
908,-175.39721618306245,-37.68262013295737,-101.08701716273258,0.014594659314622603
4684,160.63207465847694,53.771664273648994,-0.06781222970033408,0.03878024399619696
2915,-102.72301149150132,11.913298064136875,1.5020459777538382,0.0027095196428030483
4680,150.5725080265083,59.884208840982396,0.05283237030697233,0.029695105759135556
2084,162.99930723934767,-16.289083199413966,129.31717638532825,0.056878005953977684
2545,-104.41172909947018,3.1225130050230283,-0.29692269256815246,0.029140316192063746
3210,162.70273323736464,11.89152427795685,0.17197986897146425,0.0383764437829639
5097,152.13362676931845,81.02247917193422,55.997878824113904,0.0231314394179122
314,179.73780050961372,-60.935603393295374,0.3915054923917977,0.007514551878680159
90,66.27198822217069,-77.66198846747025,-158.51446628491755,0.029525785197027882
2998,-55.213453581112944,19.447722168179755,-153.96929203383945,0.023446068225701538
2174,-99.95641543429691,-3.48661131174568,-0.06087106187830185,0.018961159070783162
3088,50.27201264717107,12.201481674691737,-0.146341872165635,0.03575077983095025
3754,-65.46128283286694,37.541982255940674,2.836350337910057,0.009249814146337043
3631,-178.63039961455894,33.82296899451555,-0.20489545442852208,0.030816484198572927
4572,10.843479958199238,56.22165388025099,5.759335974119623,0.02321310082500688
3344,-71.38467398826957,23.232581845546413,-0.11192382262758288,0.023194121780829406
1749,-114.06863181690368,-15.512838633872196,-119.20771595655756,0.009492155403097965
3821,-5.537712962289359,34.40455537304479,76.64116711312404,0.0244179334901421
5103,178.7983748549959,82.57842189440797,-103.76879468169446,0.003406227226725303
4272,49.65268581765428,47.760249168631404,0.7625507323145996,0.006673844786609555
425,-33.15247711300956,-59.26659559368077,0.28276395632915435,0.03162849895882602
3917,81.826300467462,37.27322441033319,-0.3261106770424471,0.010484570404330894
2865,-163.49213590754553,10.461041956561758,0.4405011076054416,0.007910252154718562
4244,35.97400409556971,45.910929400706095,-0.07686052214066844,0.014436823421762142
2583,-95.43219232275013,1.1591334837087055,-0.012464159696284598,0.014371484092937994
343,-148.7304136552576,-58.18099281017496,0.05149488439605601,0.05565219763458514
2998,-55.21364744834471,19.44772482258404,-153.96606674849048,0.023452884832884324
883,163.70472309927322,-48.405190841721264,-0.129195658806862,0.01851211382949308
308,165.45926297876755,-66.93529311161547,-179.73103247947563,0.029630138121605448
570,164.87500250181094,-56.18171118467767,-179.69891949834175,0.030888157352787975
684,-84.75336696163919,-49.30831484359149,0.042207854840592404,0.047971479748442875
3819,-7.377751193118455,31.590373208704694,-0.08753981443382618,0.013264895647866145
2338,62.68860559222915,-5.137552370928458,-0.07420637490828214,0.02976283644597746
1664,150.8154580182386,-28.71307263126269,0.2752556168031741,0.03148924592454058
2998,-55.21352981645646,19.447740703720637,-153.97185242422725,0.023444818301392403
4786,-38.135312227442284,62.067169597107366,0.7226884391100438,0.00891462760685656
1226,130.34836954548985,-35.39506546948733,0.406985306327506,0.02113796455723135
1519,32.01520021156388,-25.316459821205562,-0.03235845779847501,0.06830423970822821
3198,144.29544234582002,15.968282285097597,159.52550418001664,0.02701659346650985
4101,-61.00554139779645,43.674250144102174,-175.68047889268027,0.006188485135615018
2527,-116.70509336189957,9.057642892400974,-116.01754745377592,0.02842159451746182
2995,-57.77629029392883,12.793120666034632,-0.020811956797969242,0.015322437800706435
4270,49.50753228651487,40.4750229256946,0.050856888405866725,0.0085048971491712
3000,-55.51675444036572,14.260311731703563,9.777983310381275,0.04210258375999646
4254,42.073175816841434,43.37758567959641,0.31384722643452323,0.02329432003270279
4229,26.440598466019505,41.55065417473538,147.01429181665654,0.013635339295318507
3121,82.9924820249496,11.222922430199342,-0.04602308684616228,0.015398101301964574
1274,-172.5208765474573,-20.008954263832727,0.10383639609965356,0.036055043718713535
3811,-16.419653077629377,36.87429067164928,0.05744258497439319,0.036981769663912666
4690,170.342608195378,52.17007354875969,-0.07774209672188294,0.01600898259263668
371,-115.57852170576281,-56.378123382112676,-0.025465887620873377,0.026035249119396506
2610,-83.637078149825,4.743746408213136,-0.12627171377641194,0.02708620662794885
3910,77.19237422574888,39.45689182603667,-0.11244277188980867,0.037154686344999195
4924,103.51943401782565,60.28229749889446,0.10411888081816323,0.03706902621686481
4075,-74.40220366310706,42.2785287201564,0.2205765037123331,0.022099541290124394
2102,-164.92569023669827,-7.608690529762819,-0.03493021929964044,0.04559085596682331
561,153.97876698287268,-56.82190069034694,-48.618396936710866,0.004918176624377405
3675,-106.71088682236912,39.719607095947204,0.3287269923204811,0.022519325484435415
3118,76.86844096853719,15.678867792101602,0.10883703242270068,0.012700877690390803
4737,-111.7512194549065,62.93535751313887,-0.4025105425738,0.012867530777300308
4830,-3.1443889736008637,69.95693718286026,0.11020936038230342,0.040063346532566754
3016,-32.7433781108655,14.621230588792413,0.12356382120231028,0.04787960932306134
3588,131.56687993784743,25.97645847695214,0.35629161022144823,0.015331907042514002
492,71.07430499075294,-56.859262555470984,-0.11733794463315272,0.022181901076309372
344,-147.44595151194738,-50.822107495098365,0.24212923209720197,0.025782481752214106
1050,-35.288393241582206,-39.97466811084892,-0.04441025757411169,0.014820206841177058
3612,156.72958584370534,27.377896923561508,0.08393499622464434,0.04234658822451758
4440,-90.10282628426799,51.22611587736864,-0.16631100375494337,0.029631059680490564
4710,-152.1233153898177,67.90201607238353,-79.85399955352136,0.03177738909968094
4488,-50.45822699944638,53.285825458560296,-151.77628304024302,0.008063744283737817
4355,112.66166378716984,40.15828327894554,0.05076105415297303,0.0354170674591911
1052,-34.84775089668,-30.189616648692603,-0.01776561417931018,0.03324438368307951
1881,-31.126671194647326,-12.67599883431601,-0.026794705766741037,0.04419273344985514
3011,-41.3227005195727,14.369039023872773,0.13030307052049192,0.024391543898036293
3541,93.72042141863002,27.075068668729216,0.28250030518372893,0.028109431889919535
4222,20.423186725206715,47.70051799283251,-169.6777132528549,0.04067357259959179
3953,105.28547160061285,31.129524497536366,0.19384426479815084,0.021320453718709564
1116,53.345384596507266,-39.15249670230713,-1.820826240935902,0.025175388002715043
4158,-39.87664077037876,45.84496064082623,-0.18424972093699735,0.02786763004502208
2962,-77.25237174015267,18.960391329875318,-2.716949790916458,0.0206585473368882
2474,-167.40019909439667,1.4274560427333849,0.0015587343483076106,0.0769083255410084
3561,103.83096778181269,22.556453049615165,-5.813526146949169,0.014623666096174001
1675,163.74051428213426,-20.49004006124407,0.030991658145714897,0.0414061563490204
2728,48.95831188376828,0.2953291317378034,-0.03859392385648215,0.018641876787324353
4023,-158.4617170113708,43.58059854653024,-0.026408754854901663,0.03392184949973459
365,-119.9509010203264,-59.00884329532153,-0.14324611089514402,0.03192638246571426
101,102.58851526246313,-76.04297235806918,-93.60101222064979,0.023599842173269756
1145,79.12723684351349,-32.285728978428175,77.02198514836634,0.016433531279305535
3223,175.84439382618922,18.966410078079875,-0.42285814490664836,0.010160714557959765
2332,56.04969309944188,-6.856198392762324,-28.98793983542678,0.018828021459592944
5070,-103.9589144239116,82.55090027974506,0.34279197190233607,0.027673855462468595
4144,-45.729503308133225,47.048592566772435,-0.2951931549080246,0.01561412199635415
1233,136.1535005743393,-38.48980720333023,0.0005797590102179452,0.030231293145572227
839,132.6394096254522,-44.273645552828235,-27.232641447430677,0.011379672754570839
1003,-89.23257385236182,-38.476416078219245,-0.04879045951277329,0.03231281695323583
3797,-38.18382256810208,35.71943829163865,0.5754279422442962,0.009063997778432722
4457,-74.59421881869471,59.20795683107755,16.02867023463334,0.00579155055443746
3211,162.99140618782246,16.099164616797978,0.21210298130003308,0.0077461653051431306
1125,61.77446995854918,-36.60484586697383,-0.33483894445038936,0.010008721906644136
4747,-88.37161495182539,62.15443228105128,-0.11770048921611667,0.030749833330619463
887,163.9898487553047,-45.93290627196785,-161.91398375145815,0.048595068615361905
4938,129.30979063715267,66.95000023718241,0.1067506006368628,0.011057686672259466
2226,-70.73462384187671,-7.2306357845945985,0.09336574657304676,0.02306907084471552
470,37.71220781904539,-55.60709473821701,0.048503654838173225,0.028107368660070218
2642,-60.70138412555358,3.5552722235961918,-0.09743603154915449,0.04052563183737436
4069,-80.95777593338865,43.16181028508979,-0.006852651787691169,0.05543021547433157
3524,82.14636526330281,26.23968699605783,0.15295133786999662,0.040153851174397834
10,-115.94546576659341,-83.68110849678176,0.0716254755319523,0.008179737609756696
3702,-88.55854995742214,37.25031343515462,0.07980474980698687,0.031179468434456223
3910,77.19230145414316,39.456816446584945,-0.11307030582750824,0.037156118681061744
1100,34.42364552291372,-39.01684952663158,-0.04458298515556327,0.04274586932156262
2709,22.588849281234456,6.952092982491886,-0.23875988028438977,0.017157620209635748
5086,45.29877566797454,82.89024220303939,167.82074765609693,0.0015393945996862851
3353,-69.17549791825812,25.12868183186319,0.07415862515484503,0.02688511515270635
1564,82.16481631278572,-26.133920147177207,0.05065498129169232,0.04037928839153692
2346,70.7314274542922,-1.1026063884818609,-0.357332585590954,0.016838524878513443
1887,-23.754836326717882,-10.002729682041283,0.05766135516280113,0.019837193893861876
34,-169.49361355217002,-74.71609599030859,-0.3246802501678425,0.000799281685134627
4620,61.27161442578311,57.80769040912092,0.1571270346324693,0.013510977580567775
4476,-59.078930964126975,52.97146434625841,-0.0974637739549417,0.02141982606845196
592,-171.5083179622943,-44.205242834331045,0.19052750790708908,0.026564764936052015
4250,38.28849803058128,45.99207525752633,-160.70053260397046,0.0006197592020222143
252,65.81494923271624,-61.66855956962464,2.128939839242467,0.000946138394036566
2384,100.44902620438164,-1.9338833100695658,-152.8225262948992,0.05197740055036618
1121,58.47987748150524,-38.08171878960708,-0.03696158664761435,0.025369914645179747
2885,-135.06430120861236,9.816445280173422,15.827842406802866,0.030205253726415845
504,97.90044241784514,-57.00112825567337,-0.04775619838094939,0.03594753778850277
5069,-113.74519272611313,81.7107962426937,0.04596111086491202,0.02412657905795071
2971,-71.51950524983178,15.505502808282827,0.0777836751596544,0.01953515180513202
409,-59.900237070155576,-51.97752198868865,-78.14670715457984,0.05059018065672509
275,120.80034719542877,-67.95064770316151,85.03057073755619,0.03421923424814277
1003,-89.23249403966541,-38.47649983954502,-0.048994985954841266,0.03230784514672073
2014,108.2487139460858,-14.987605593074079,-0.1457820567993762,0.0107100124269371
3028,-20.91657495656357,12.187739931291365,0.08336635021809428,0.010607057292860024
722,-26.5069719544026,-43.16996192266034,-0.8517241715933199,0.031090230906295847
931,-146.5141562321712,-33.98889476939452,-0.0864899950106285,0.006521213052151705
3631,-178.63036789047098,33.82298762509064,-0.2042641970521956,0.03081540284576365
1139,75.50875189694533,-34.85202840287323,-0.021919634194471054,0.022985969262530905
252,65.8150131469017,-61.66864190412005,2.136979586264218,0.0009451197769229625
1429,-68.81280382915004,-21.53699244381168,0.24066446922036014,0.020896170183920103
1744,-115.0550357631872,-17.295939929844966,-83.40927308814537,0.004071426706084147
472,42.526128438680956,-59.485490017107324,-0.025106392395479304,0.02710898456881253
1981,73.28747630997441,-18.496931017525856,0.020105484090138098,0.0442169822147582
1282,-166.23558843336642,-28.706708988418686,0.0914135905641631,0.0317243134542166
4854,11.856646262423636,59.984851620429566,-156.58143566216384,0.002411391994151647
5068,-109.20388917564411,80.71883873389689,17.72435941138085,0.023763059767490293
2459,174.83836308769548,-6.965968530936183,-0.10974780278196007,0.02970558513610185
2617,-80.11789903644463,9.12888688728469,0.05940502767386154,0.02448723903105479
3860,40.17181708500585,34.97374260043341,1.972217433508002,0.003435797347468055
559,152.43004382854687,-59.15145461483171,0.2843282001992174,0.021047622408746205
4848,8.526662889316073,68.87225656501982,0.09565750642808858,0.008791673454401405
4841,3.6948366402856134,67.69124962162807,0.48433599834831137,0.009673300070320924
3758,-64.38598922566588,37.96430867483874,89.86447029951903,0.001720236758185621
1415,-74.92881698722488,-29.40943090615021,0.0001996820251073794,0.032978032698561366
1053,-30.481225037802776,-32.1582790596547,0.15118332315011992,0.040105095164227056
4626,64.0145650694281,50.04166965770589,-0.13722515238366306,0.008239319579982305
2425,144.24236337968492,-2.01167896647438,0.19776410009300943,0.020432937027493547
3391,-47.9073898588058,27.53321790382276,-0.343743291752232,0.015855725066597628
4390,166.87845920057126,45.528951888155134,-0.08745259961000514,0.023394375579927705
1905,2.0519530476374905,-13.70749546717587,124.9616738782596,0.05406456734049083
229,11.356631840522397,-67.05757155416754,0.033672834802501786,0.021565751239976293
889,167.01491421554505,-43.26348039905522,-0.04637611336781495,0.02834046675661292
4082,-72.33916190423257,44.80359931882408,-120.8008891620859,0.009902323231703952
3150,109.06218520696693,19.217791581437332,-109.90769569792054,0.020539203157958815
4587,20.415982054505214,50.005474280190114,-107.11158653008809,0.03583518154833736
2153,-114.5381283569138,-9.564948137822176,-131.77217322841494,0.018505494233339415
1184,104.25183025885471,-32.612148838954354,0.44591960802612174,0.007907361055364619
2259,-38.57005087291436,-9.266804880859368,-0.0016220594297896242,0.015109005639805209
569,161.89968992253,-55.623257912160554,0.12480082983727314,0.031013541811894182
3574,110.93596047149795,29.851208871312878,-0.18871108552949079,0.03404875110300887
4355,111.91462206921547,39.12509095227005,-159.19363721107777,0.036231867196306514
1335,-124.23950161370716,-24.243680088195624,173.25289056533455,0.001009644502185029
1508,16.183282458428014,-27.87697265528569,0.01350804489356075,0.018942607549577873
1557,76.03070209268834,-22.1353033727345,0.17616306182290145,0.023566399638518486
1190,108.00547505461769,-39.04913060182861,0.08133065528521805,0.019769003354981097
3774,-59.06865287790729,33.41853154445801,-0.32284900021190843,0.016430870624570486
4882,46.22863732380769,66.90378961259864,0.038537324402292863,0.031777733329525146
4277,53.179695163134625,44.23793599088365,0.0728216111435285,0.010004689242593153
1633,122.47203249881255,-26.327759122958472,-0.1477454859256488,0.005529103464830746
4992,-50.2858338795712,70.21479125471885,-0.01665644495322184,0.01822461592501935
654,-118.7611305056273,-47.56868763013301,0.00896717143667012,0.021967978258127966
3196,145.31502553983137,14.993650082977883,-0.5883118397665907,0.007456632126862461
3537,92.80031743474885,21.74192718804083,-0.13456765766992063,0.011564951401801842
4195,-4.267484102064867,45.336344096508235,8.820122898652413,0.01878713054068567
3669,-112.79813413045335,35.772443221468365,-0.03115844079746494,0.03734525470377536
4814,-9.724604722170165,64.69586660516327,0.3069294526758702,0.01786911942361605
3160,114.89927896673198,16.252755657111422,0.30554818877345075,0.007935812025404141
1998,89.29188277393945,-16.464201228777824,57.2543906492478,0.0564480201712468
4547,-12.19091900576235,59.35771659740029,0.24340475033079345,0.012297083387958627
1037,-43.56865387073438,-34.078114907533454,0.06917420139960238,0.0264060956392208
1132,65.89011589396438,-37.50103336175133,-0.07662710922886591,0.04433387573683966
4417,-141.0795618296752,52.7682021657499,0.03523844688652266,0.033289332456054116
168,-123.78672737303293,-65.36382481567486,-0.15054681031521083,0.02975905266387735
3062,18.93807978894766,18.04131020558386,0.04841563582904202,0.021087224673878437
4393,168.83557811162783,41.11231449555503,0.3742525940427777,0.011372645431340114
555,147.96739595727647,-53.23857998776431,-128.98738765399386,0.043828381455026794
2864,-163.69515153724902,10.058854494852449,0.8590632833856205,0.007448360628165952
4741,-96.84817620295455,64.27067559050228,-0.12077567446975707,0.0302239621955878
1309,-143.09889268939213,-25.000919015125554,-0.08307269479691971,0.050998289463323805
4348,107.74300925822111,45.29175955969112,-0.21413638955019723,0.007041007743649147
133,-176.46767035680395,-61.24390030936989,0.12847675897817842,0.017124565992068682
984,-101.75565159824656,-34.243847325752874,-3.9267847225765427,0.01384091322209098
1184,104.25178519137867,-32.61207661113744,0.44860355677412733,0.007906537424123847
3606,150.4293829670413,27.079670019839092,-0.127347132328094,0.03195518200913491
2787,112.39039871058061,1.583333774789997,107.23647545558838,0.021049839536483234
3245,-154.1909283461687,25.31025607744659,0.06243493733873954,0.06244115609099831
1161,94.51830065600882,-36.03028861123835,-0.18534776843145276,0.03547372174167109
2399,111.6120664620407,-1.8393963734828345,0.36086271979423196,0.017198148973660763
725,-23.872381949653178,-41.849484530823545,1.942232725841218,0.01733836639779584
12,-115.38479296294489,-83.21609799706094,-0.2135927080297663,0.00817893657796858
4555,-5.44651543931635,53.705968980398396,-0.0018071350929595156,0.015959688973706553
709,-47.868476930519606,-43.90718946341842,0.08448453470797256,0.036606776137373336
948,-133.00138226232863,-39.412581863591484,-0.190114630263442,0.022423884528951603
2106,-158.12283719601783,-5.879736085577636,-0.04475994457422286,0.050267313814792706
1716,-142.93361237990794,-10.657916838795563,-159.50040152622424,0.04021000347351691
1560,77.88777587122975,-27.336653037504203,-32.61421226200506,0.018291419092745325
4823,-2.847633416121681,64.83893215754969,-82.89526782549167,0.022239942116463973
162,-134.2495551456543,-63.854086737240145,0.17248205011145218,0.034121227208554115
3219,174.95239898595992,15.738359220597195,0.19946377046351538,0.006587939429592938
2430,149.40055769532503,-6.467039935716528,-0.062029961725464614,0.027251682506426452
903,-176.39490389612666,-38.399530546132766,0.3805819845526757,0.018782635298204835
3178,128.49865491674714,18.39682621553991,-35.06536995316477,0.0350549214777296
4621,62.32412920166738,53.557925403295926,-0.1637508555872723,0.009208177024772527
1767,-110.83717436740194,-11.916235024719947,-24.163553341882924,0.009810617233442686
1077,-0.8290662328491618,-33.4377777723423,-0.20293417747184925,0.0463827526898061
2435,153.31016807753738,-8.333654588980353,-67.10335269469618,0.04811442586603654
2664,-41.45692181920322,6.15644364940431,-0.10687763653830021,0.022694713417361775
338,-154.89395493276896,-50.42837694937899,0.0921303795575939,0.023680331300328886
1335,-124.23969663418876,-24.24326783460793,173.42020293707634,0.0010054310592857228
140,-166.59332923076624,-60.449321303628565,-0.6509701092726522,0.005826135606026922
4975,-96.56919947716707,76.39418952059725,0.019676209313837643,0.045725575598207
2390,105.23815290573472,-1.7369574545744808,0.07690589181672801,0.029998490472382736
4346,106.1999046299839,40.591069887971834,-0.0030325980212047607,0.02110094451382208
181,-98.66234584699929,-63.02039792928941,-0.21739146158530775,0.020738112897725095
2251,-50.97682837711384,-3.50608019376325,-0.11164124513082668,0.019552818166507675
1489,3.7382031797998927,-29.20633192629012,-0.06475501203514808,0.03785175813130203
4897,58.56740688089756,64.89858214367594,-0.2475941892065968,0.021554125089845024
1780,-105.97395165263354,-14.462521208750845,-0.050428677382032855,0.015738935925888674
4048,-117.72513169813645,42.13679570920509,-0.08147322505248093,0.011534857628119337
3591,134.68940145882627,27.09050734407675,-0.16615176370935836,0.02207837167513466
3162,115.85658120474879,19.889541620629583,0.053307871542185685,0.02685021792045059
998,-93.10902836186683,-37.28431169808723,-0.09869787733525935,0.03022149323202302
207,-43.31445519946623,-63.710885149807346,-0.05077771266119677,0.03322171338244257
5074,-44.100388536980205,85.47732829351976,0.18904909988044818,0.05995220341818388
5072,-79.00641016687543,80.7738390162251,0.2116364284369933,0.027345323867945963
3485,58.67630703206796,20.849688108820768,-0.33862486146807164,0.022783174618839972
4278,53.656045423126024,42.41029574604482,0.21763715932696426,0.026126541478104393
5018,13.161829710160138,72.0722508512831,-48.58090927952448,0.008768889991043185
2445,164.21530320598583,-0.6848933513724887,-0.0574578345540889,0.019609934254454703
1541,57.25520235674174,-21.12114647135616,-0.008943838203631422,0.01801801237976405
1553,72.41147439204757,-24.727418906205052,-0.06450334079959708,0.044256791965136315
4527,-29.67462482330114,59.94944161392868,-0.1300755844096191,0.027367056309770838
3808,-19.916581414658285,32.46519079940677,-0.216324999026925,0.027167752351925933
5044,91.04738719772018,75.90745352293054,-0.3044974012489721,0.019796821441705907
5066,-155.2805913620735,83.24110120323806,0.08608423157742286,0.03131230741755435
2582,-95.45048367850283,1.9820730686518557,-0.36692048720901715,0.014374333379289946
505,99.11132433189883,-52.494013336749404,28.980469360527675,0.016683453137055333
341,-152.77112242994895,-50.53671295881841,-0.22297818005076062,0.020164304143886445
4568,6.764472763029827,56.25501536968098,0.15854304712603676,0.010727123095773776
3263,-130.96716311809794,22.705694909491626,0.19361101050527552,0.013980338136009688
1891,-23.114577108601125,-11.84513621670931,160.12377641993763,0.0647951680757484
1295,-151.75053874073112,-23.321946154110645,-0.09643505736483268,0.008485184584210714
1026,-63.9412721914259,-33.52527759865724,-0.03230840390910931,0.013230383441969935
4362,125.10362259500441,42.598491238307574,-0.20191928570806245,0.007968665488196667
151,-153.98573002433486,-63.5969135070827,0.13424298004946217,0.01322665865298016
219,-14.864995052511274,-62.01567286907085,-0.021097922687422974,0.050028909759408616
974,-110.40219121452806,-38.17346972743139,-0.08806157158400427,0.030969677245257513
2610,-83.63700465396707,4.743697034636883,-0.12112274764451315,0.027084904456310174
4767,-54.911798013789046,63.960711021196325,-0.08695645226465304,0.012243222402085353
4394,172.1690101920965,45.130380529639666,-0.08891840466669432,0.022618894402010845
1879,-34.08988057275496,-12.029163101431605,0.1332519415161634,0.00840164656069064
4569,7.074952288089947,56.844148729476935,0.1306407893069194,0.010726992559814982
2011,105.76043687222239,-13.778540338657812,1.8954703098677343,0.027188187369681566
4044,-126.18492642386106,40.44525252903777,0.080485980788478,0.04745211746037516
441,-6.21725204230495,-50.88994301680059,0.016478013916148247,0.05481413518213981
826,124.07435826951621,-40.568083602210166,-0.435433571170836,0.007224801595077521
857,142.776471949421,-49.73948795930858,-0.31661528654842686,0.02633653824671738
2936,-89.32258341217145,16.485511402262194,0.0609525586922279,0.027307974480730884
1040,-41.172404628549295,-35.56792484595996,0.1407293136287332,0.017225490443458877
538,130.20279583802497,-50.19137241035876,0.7140835568595569,0.038900295038901606
3147,104.97644827129783,16.578810726380254,17.04275002927904,0.01103673747255177
3462,43.90707341948036,27.47058501027009,0.2779727340614601,0.014996816921945186
4590,24.62004169784643,54.31770627242267,-0.05266951003023751,0.019745780337505757
3923,86.46731753145822,31.695854860800758,-0.020084842481545132,0.04875167154647846
2782,107.48037104144858,8.03314540958658,0.038131480101696084,0.055585854708656
542,134.5207257097949,-59.23353408214498,-0.15076433171492848,0.0290156172876171
4565,4.893380632906197,57.509134206943585,77.44882654501589,0.02177407702710711
3571,110.53965746777342,24.61956261156317,0.11624289361316927,0.009643253510413853
507,100.39167056003531,-55.476474584717174,0.10809869155264148,0.03575427144666499
4459,-74.17542299850804,56.68652349180507,0.06656500867625599,0.03893126737109963
1462,-30.726783347435237,-23.429260516756436,-151.75385881003112,0.048091424222968665
4424,-116.1137444864977,59.43263338063438,0.23221748634446862,0.03855947470432126
548,141.39999351876867,-52.44470865844134,-42.32164904294065,0.029428682918808687
3887,59.999602203036254,38.47591139569725,-0.4271306093148672,0.011647538842453732
5070,-103.9578684750373,82.55088024909402,0.34163395310711575,0.027674617556655706
2525,-120.00382469666498,0.414326966452456,0.04270154611379178,0.02289950871190483
1210,119.99178647051615,-32.097351172348084,-100.3645081192821,0.031002011986087055
3202,151.9793757088786,11.825736243831058,0.1600850297059168,0.034233859079695186
2350,71.95724574663485,-7.321050583027636,0.03235829522998731,0.030371716477987056
3234,-173.0466567459192,24.07708741121109,-0.08580391309646303,0.032287014823646674
2580,-95.89636086819797,7.248036449841076,0.21496641085822013,0.011108636383024305
1955,53.51706466749481,-10.167511294415595,-0.18898232153258956,0.011796806165507144
3275,-117.43128396346839,19.99670358053957,-130.37310919465318,0.03718085508563092
2012,107.3608978701863,-11.080720444639558,-128.906599209229,0.047290563833430416
966,-121.38771967517162,-39.85844619242571,0.11030182687432204,0.05004427337893804
928,-148.05745362591836,-38.79506145349466,0.06586740505911556,0.02216489292654409
2283,-10.769905134639757,-1.5447787433060003,127.66005063721639,0.009391831938709147
5013,0.9975257964839432,76.26467466472972,-58.2108685988858,0.021087713437032994
2626,-74.90255619455773,4.1803228394567755,0.061614261586550034,0.019482368920308024
1435,-64.74662105710573,-25.897509559673516,-0.15811665954639112,0.0243574170361405
3636,-165.27041698235706,39.198553639222915,0.0805175092482465,0.043329921509564814
1649,133.09380370445157,-27.857891863816143,-0.2271758699337047,0.01224532568420955
1639,124.96581499827498,-24.27239079414344,0.3840337880644177,0.02138399487587213
1741,-115.63810645482792,-18.61642138328664,0.2953856696060993,0.019585527585627604
704,-66.47231286859567,-48.87765326360989,-0.24903626353776093,0.014621778024319033
3977,135.82490260057315,32.55455312620568,0.19160376020222677,0.0188453083204554
2024,111.06000856910394,-20.01780894786038,14.338129529714964,0.0019963759091102175
3164,117.30848850113009,19.18148779572241,-0.17352024606528635,0.02702261464845274
1223,127.96798619953137,-35.07074990204919,0.25593039129366474,0.02629766551336681
2097,-174.29666827423094,-1.6568303327282834,0.016902770607120317,0.06141126090916511
629,-133.6823188554658,-49.414500140219005,-1.63463940678567,0.028170311983512386
3219,174.95239000481948,15.73837694916964,0.20079782085925563,0.006592222942557813
2490,-147.74600989249998,2.0683759723208683,0.21742096146872514,0.011202849054311308
2428,145.42233297218544,-9.634953969069908,0.09897945031783371,0.01799263905536656
2752,77.02002383894263,-0.41324226425328153,163.3203856210244,0.028735538159856786
4038,-134.71379002867448,47.17851428664106,-0.03288156996521325,0.045056121205739354
1950,46.25207572138503,-18.624719798315184,-0.13269010332020317,0.021582913060850792
3382,-54.28450961348777,23.893701580499762,0.15047226177013096,0.015488832393168842
2233,-67.35643704358199,-3.3897669458704334,0.08073953227545372,0.004152970574545696
2523,-120.90717125174983,5.623354413769292,0.004277158468520315,0.026952003036868913
2686,-15.61560870529565,1.7504045115513605,77.2840283258228,0.03590020080273319
1869,-46.71560356227301,-11.809212702447772,-0.057561789459474946,0.01177043907173011
1194,112.46509338296524,-34.33727468330745,-0.06582710291461595,0.031118383744402473
2087,167.04490526746594,-17.31193306491193,0.11436869855285836,0.048552978907399354
4139,-48.242181388657976,39.93831525369863,-26.25777495362176,0.029012532789556542
2664,-41.45698366593382,6.156484027160097,-0.10483110235501777,0.022693829533283878
3839,20.054921455679803,32.70155466983603,-170.27966531117866,0.07694908429514136
89,64.6804198177937,-75.85756861798315,0.13089078521278866,0.007460607570714965
2761,90.07551249523475,8.194345347264743,-0.26860424671621713,0.01350976910641356
4934,121.00621358729838,66.33231962367168,17.26794337223076,0.018602470489062228
4685,161.36927117474934,51.58756138152154,-0.017323555026377852,0.03505493570675787
1673,161.8271086929883,-22.189718778521062,86.23940488290451,0.022617253493709376
4817,-7.525921823205394,66.7017058393887,-0.7340923733662358,0.014671281290591146
296,150.57289364544826,-64.37358856869459,0.014732152424980221,0.019616547501415886
3732,-73.2206814964125,39.58227629349931,0.13450116415480046,0.018644680575075418
3794,-41.614088342145166,38.386500175025766,-1.56670994993442,0.015027088203854929
4596,29.986349858418496,55.9845399913329,0.08037772500757903,0.031521806729616506
2043,119.5278653339717,-17.392013225877065,-71.7668815589293,0.01823807434070585
3226,177.18097730522956,19.196339127735392,-0.3729505744056399,0.02247135789027271
1962,55.95386759021781,-15.564332561278267,-0.4884067802954821,0.01983804191562283
5015,7.243778643260925,72.73403449236696,0.48567959036448916,0.015108876254721546
696,-71.37361559647273,-40.96324105684935,0.09495109061189787,0.020531221827374907
4296,70.29130651291783,40.76091567399108,-0.007240448682922095,0.023539986188963306
2084,162.99932684619708,-16.289104909309916,129.31559679985136,0.056878145653493875
4047,-121.98450184936719,40.287781751544365,35.72188856004834,0.05161950328994966
3681,-99.57029504497461,39.73581167905216,0.07018982712245365,0.025223764452468305
4808,-18.918348937549624,63.93652455070696,90.72241501803131,5.0956616174625264e-05
1056,-24.693291408603493,-33.96455461868416,0.8739791560348011,0.0035776594468895752
2072,147.29086929637552,-19.58147768765671,-0.34732815780466747,0.008972674640083384
2955,-80.47827739318683,14.107510522404914,5.88549382454505,0.030570924162819216
2714,31.004447995172214,9.085252690894677,0.06260421392599376,0.0314651758666916
3454,41.69181161225506,23.938372705101322,88.96402720246054,0.023507550710692993
4314,81.83765222341863,43.49072178194331,-45.87397158261459,0.0003749259517133748
4842,3.8843020171707474,63.72561188216485,119.94307587871035,0.022605891624131028
4353,111.44777595937252,43.55642372515207,0.8780332115295122,0.027822794739316297
3805,-23.800550642160513,30.827605758570897,0.02441471395725723,0.012271184092817633
4767,-54.91178703114712,63.96081303975436,-0.09138879239075193,0.012248353341874725
3046,3.2963512399630632,17.274259960376117,0.25237132255303046,0.01561249506407408
4275,52.93925692666019,41.00710109413435,-0.010181652605205578,0.019503909625275203
3664,-123.09039303986208,36.37965610312077,-115.70643697059167,0.023512289196004035
417,-44.932970160085006,-54.469148018991156,0.08773000470224003,0.0315204475157072
1211,121.11132230505868,-35.822153576510175,0.2765619192237009,0.01849969057478833
4258,44.952275413224164,46.59316287701962,90.89457823200095,0.030173659597071398
4528,-28.252862081655337,51.57557074902358,-0.5880050630453982,0.01217707560214328
773,57.722118766768176,-42.58091176357093,0.6027459687271165,0.009466613959233478
559,152.43030670964006,-59.15138353601646,0.28316678698567227,0.02105014237203836
4996,-43.72418383718874,70.35352987359434,-0.12252848238841035,0.01835586240609924
374,-111.02448549679512,-52.96912674972059,-0.23500100115094877,0.007000244902948628
2110,-152.2676370242114,-2.9358814229886887,0.1791373594706883,0.02401049006661667
3181,132.98576072196357,18.120189463008234,-0.06661418227646634,0.03495399907169843
4008,-174.08188297101609,43.9661635372113,0.04532637627289742,0.023944428543227158
1594,96.8729798544138,-23.822017952493912,0.22934555222469744,0.01328331958025302
726,-22.433674903455042,-40.67495283018499,-0.2111636263216582,0.02789868297530964
3628,172.65655290168255,21.204664505873733,-0.04684424112668177,0.029850536755392374
523,112.5533173895972,-50.23292244254342,42.80389756613719,0.014963310272749336
4073,-76.2777364839757,48.663204018091434,0.23086728534571385,0.02646389890677953
4564,4.7904160388499735,56.104901192153406,0.12087880513108347,0.019379598954222595
21,30.34193028907007,-83.39775550487943,-87.83949765343293,0.06575616367993153
2829,157.8584534444353,1.8440114633905256,-0.14099318999685992,0.026086884651227354
4503,-44.96950153956581,52.00196355337887,0.04519012673086502,0.017266745172709236
3936,94.70729841254058,38.6907809759517,-0.11050711759932536,0.0215616287261638
2950,-82.7456960435976,12.365912674253332,0.17597142321510287,0.03156927772093704
3761,-64.02245293156366,37.701495855484396,-40.571105080730334,0.0022870814655709818
2966,-74.63598884730159,15.572789153860697,0.06849868321136908,0.02640540273957018
2396,110.73175166055218,-3.005508756854963,0.32116436172437757,0.012957443577917518
560,152.53663297377693,-56.59421680158429,-2.387963967252867,0.008845339751521838
452,8.508408179787747,-59.7535329039663,0.018207257226152466,0.023876187699831065
781,66.73440453545979,-41.98579922965199,0.017962844568998736,0.02010823921012306
4152,-42.05831101497557,47.14651638298148,0.1436033364623102,0.014668019059417866
188,-81.73521337996112,-61.51124853617656,-0.07515098240671411,0.039873766124940736
3651,-141.285467457546,34.79821707202523,-0.20625327744659236,0.014077326454647906
1230,131.4656533811747,-35.77030287325237,-5.430367656497073,0.021116103585843947
723,-25.215990878693624,-41.507804554991054,1.705998579818883,0.003446300864336212
1683,175.354625002586,-29.07238794256093,0.22180693904946303,0.023461634004919494
2475,-166.71753605721986,7.6311534217844965,-0.1399880310620636,0.05425833410586769
4229,26.440847118867385,41.55042223955481,147.03298841232785,0.01363453294507955
585,-179.50706118878352,-41.800539436570126,-0.06689192307190148,0.026409217803795303
4927,108.01960962689355,66.75736919417196,0.05071272930369931,0.03323535365136406
1854,-60.52631713119436,-17.43350799147648,0.06906293155344086,0.015031852157724136
2955,-80.4781628340047,14.107352013328823,5.892745271557137,0.030571257651815852
4012,-172.76290905206582,49.09150662487663,0.03171684153370322,0.010731344370276171
3393,-43.54525965223553,25.665096503057427,0.19084267874536032,0.052680485158613205
2189,-95.03950563894405,-1.4411561372017057,0.1386480809023086,0.020747266051026197
2914,-106.05607727235771,13.815490238702054,156.13214291425447,0.030865962804020763
4307,77.13762867743908,43.183624199055096,0.22212954440820387,0.02369212620094398
2908,-106.46647860613618,16.454472880035016,-158.27131069768737,0.00420973530256185
117,156.15977755308018,-70.50218209426126,0.12742320940404453,0.017988825349989215
1041,-41.07837686572136,-37.00067627890412,-0.241895453606271,0.025093388158415143
4336,97.47608135335491,42.35870150281669,0.15851144985446042,0.021620519488079817
3850,27.639046316739563,35.428252014815065,0.09479214470809091,0.025393707291311213
2310,28.47074290410987,-1.286425476318735,0.06886608834715507,0.02401361991061026
36,-168.7834769837837,-72.47044850682678,52.35660055879053,0.0387769128891901
1541,57.255382682061274,-21.121120322735763,-0.008305486309265817,0.0180206050855531
3831,8.315531827067408,39.59939444629741,0.258835509380426,0.013080987376743179
609,-155.92737912088367,-44.12030121172691,-0.03424480251422859,0.01922019168431563
3923,86.46719418688748,31.69592347506906,-0.023313277197895187,0.048759137531506944
152,-152.32565445304635,-63.41834714675445,-0.050555991117787656,0.013315269741430076
2509,-132.43475400557887,1.3801154029527292,0.5245848313660311,0.024780593451173703
3289,-102.40844786089419,26.27019137507212,133.09750371662852,0.01713610944423005
239,32.75403094975449,-69.65448042488264,0.05817239130417066,0.060060690270839906
4159,-37.82035743269543,40.25685178384467,-0.0944297122745932,0.005931764041314466
1860,-54.88979227214816,-18.48581063061032,0.19140988523651173,0.034446340294654175
791,81.3316463563594,-48.29225581552944,-0.054830626540048985,0.02932422455290285
822,122.89087371087236,-46.66648091138344,0.8791434728668609,2.936753496279338e-05
638,-129.41630954274618,-48.941042011377974,-0.16622278062055693,0.0059968404371558495
2449,166.51837444197375,-1.8452185322448806,0.17884691775084985,0.03617373586997973
2884,-139.3165416907585,18.798422581047944,-0.05213154877085157,0.048808260375951464
3789,-49.28533182075193,36.97913417220354,-0.04478900869325636,0.036241528404491845
1225,129.73878400322235,-32.11522908410512,0.08381790354051306,0.03259843298988045
2571,-96.62458033329634,4.912063663868804,42.35628375783948,0.0016140750092552966
2700,13.14688915716532,9.467012475425568,21.547040227154174,0.036826809680442704
982,-102.51350050503224,-38.41419867736021,-0.040245234638601225,0.03431950370256424
3334,-73.64491054767822,25.037421007307856,119.64362005787365,0.01731706052929315
